nb_posts_total,nb_posts_incels,nb_posts_neutral,% Incels,Algorithme,Modèle de vectorisation,N traits discr.,class,accuracy,precision,recall,f1-score
40000,12000,28000,30,Multinomial Naive Bayes,TF-IDF,10000,neutral,0.853125,0.8562228304620834,0.9496428571428571,0.900516467699602
40000,12000,28000,30,Multinomial Naive Bayes,TF-IDF,15000,neutral,0.852375,0.8588598343349033,0.9442857142857143,0.8995492047290976
40000,12000,28000,30,Multinomial Naive Bayes,TF-IDF,15000,neutral,0.851125,0.8540228039184198,0.9496428571428571,0.8992982159465629
40000,12000,28000,30,Multinomial Naive Bayes,TF-IDF,15000,neutral,0.851125,0.8572354561659374,0.9446428571428571,0.898819131764506
40000,12000,28000,30,Multinomial Naive Bayes,TF-IDF,10000,neutral,0.8505,0.8578160545986351,0.9426785714285715,0.8982474051386762
40000,12000,28000,30,Multinomial Naive Bayes,TF-IDF,10000,neutral,0.850625,0.8587717869359831,0.9414285714285714,0.8982025726211773
40000,12000,28000,30,Logistic Regression,TF-IDF,5000,neutral,0.848,0.8456322926521602,0.9576785714285714,0.8981745101323061
40000,12000,28000,30,Logistic Regression,TF-IDF,10000,neutral,0.84775,0.8448221592697513,0.9585714285714285,0.8981094194411913
40000,12000,28000,30,Multinomial Naive Bayes,TF-IDF,15000,neutral,0.849875,0.8556184316895715,0.945,0.8980907933814171
40000,12000,28000,30,Logistic Regression,TF-IDF,10000,neutral,0.84775,0.8456926475228779,0.9571428571428572,0.8979728597755068
40000,12000,28000,30,Logistic Regression,TF-IDF,15000,neutral,0.847,0.8450015767896563,0.9569642857142857,0.8975046055937029
40000,12000,28000,30,Logistic Regression,TF-IDF,10000,neutral,0.847125,0.8465558194774346,0.9546428571428571,0.8973562736046999
40000,12000,28000,30,Multinomial Naive Bayes,TF-IDF,15000,neutral,0.848125,0.8517567784373495,0.9480357142857143,0.8973210512972196
40000,12000,28000,30,Logistic Regression,TF-IDF,5000,neutral,0.847375,0.8493697143768948,0.9505357142857143,0.897109631751917
40000,12000,28000,30,Logistic Regression,TF-IDF,15000,neutral,0.84625,0.8445285398927783,0.9564285714285714,0.8970021771897505
40000,12000,28000,30,Multinomial Naive Bayes,TF-IDF,5000,neutral,0.847125,0.8494331789877055,0.95,0.8969063474669139
40000,12000,28000,30,Multinomial Naive Bayes,TF-IDF,10000,neutral,0.848625,0.857352222765022,0.9401785714285714,0.8968571671918917
40000,12000,28000,30,Logistic Regression,TF-IDF,15000,neutral,0.846,0.8442622950819673,0.9564285714285714,0.8968519758874749
40000,12000,28000,30,Logistic Regression,TF-IDF,15000,neutral,0.8465,0.8470943156557638,0.9526785714285714,0.8967893763657757
40000,12000,28000,30,Logistic Regression,TF-IDF,5000,neutral,0.846,0.8462270133164236,0.9532142857142857,0.8965401410816258
40000,12000,28000,30,Multinomial Naive Bayes,TF-IDF,10000,neutral,0.846875,0.8518578092327489,0.9457142857142857,0.8963357874248964
40000,12000,28000,30,Logistic Regression,TF-IDF,10000,neutral,0.84575,0.8468382586590404,0.9517857142857142,0.8962502101900117
40000,12000,28000,30,Multinomial Naive Bayes,TF-IDF,5000,neutral,0.84525,0.84896,0.9475,0.8955274261603375
40000,12000,28000,30,Logistic Regression,TF-IDF,5000,neutral,0.843875,0.8431929326392176,0.9544642857142858,0.8953848731049502
40000,12000,28000,30,Logistic Regression,TF-IDF,5000,neutral,0.844,0.8456162642947903,0.9507142857142857,0.8950907868190988
40000,12000,28000,30,Logistic Regression,TF-IDF,15000,neutral,0.84325,0.8433944374209861,0.9530357142857143,0.8948692152917505
40000,12000,28000,30,Multinomial Naive Bayes,TF-IDF,5000,neutral,0.84475,0.8508856682769727,0.9435714285714286,0.8948348856900932
40000,12000,28000,30,Multinomial Naive Bayes,TF-IDF,5000,neutral,0.844875,0.8523848019401778,0.9414285714285714,0.894696648281714
40000,12000,28000,30,Logistic Regression,TF-IDF,10000,neutral,0.84275,0.8444938114884164,0.9503571428571429,0.8943034784069904
40000,12000,28000,30,Support Vector Machines (SVM),TF-IDF,10000,neutral,0.845125,0.8578696865255211,0.9333928571428571,0.8940391687334303
40000,12000,28000,30,Multinomial Naive Bayes,TF-IDF,5000,neutral,0.8435,0.8520077720207254,0.9396428571428571,0.8936820652173914
40000,12000,28000,30,Support Vector Machines (SVM),TF-IDF,5000,neutral,0.8435,0.8568614576493763,0.9321428571428572,0.8929182346903866
40000,12000,28000,30,Support Vector Machines (SVM),TF-IDF,15000,neutral,0.842625,0.8568140720039454,0.9307142857142857,0.8922365830694171
40000,12000,28000,30,Support Vector Machines (SVM),TF-IDF,5000,neutral,0.84175,0.8530465949820788,0.935,0.8921451695348441
40000,12000,28000,30,Support Vector Machines (SVM),TF-IDF,10000,neutral,0.84275,0.8587243886318572,0.9280357142857143,0.8920357020254034
40000,12000,28000,30,Support Vector Machines (SVM),TF-IDF,15000,neutral,0.842625,0.858345715700842,0.9283928571428571,0.8919962254439393
40000,12000,28000,30,Support Vector Machines (SVM),TF-IDF,15000,neutral,0.84225,0.8585123966942149,0.9275,0.8916738197424893
40000,12000,28000,30,Support Vector Machines (SVM),TF-IDF,10000,neutral,0.841625,0.85674296064548,0.9291071428571429,0.8914589222993232
40000,12000,28000,30,Support Vector Machines (SVM),TF-IDF,15000,neutral,0.841875,0.858560794044665,0.9267857142857143,0.8913696865607557
40000,12000,28000,30,Support Vector Machines (SVM),TF-IDF,5000,neutral,0.839875,0.853494843673269,0.9310714285714285,0.8905969766846016
40000,12000,28000,30,Support Vector Machines (SVM),TF-IDF,5000,neutral,0.840375,0.8560368967221216,0.9280357142857143,0.8905834975580499
40000,12000,28000,30,Support Vector Machines (SVM),TF-IDF,10000,neutral,0.839875,0.8572373862696443,0.9253571428571429,0.8899957063117218
40000,12000,28000,30,Support Vector Machines (SVM),TF-IDF,15000,neutral,0.839875,0.8586613519348946,0.9232142857142858,0.8897685225023664
40000,12000,28000,30,Support Vector Machines (SVM),TF-IDF,5000,neutral,0.838875,0.855517070757051,0.92625,0.8894795507159393
40000,12000,28000,30,Support Vector Machines (SVM),TF-IDF,10000,neutral,0.838375,0.8569534228410409,0.9232142857142858,0.8888506834006705
40000,16000,24000,40,Logistic Regression,TF-IDF,15000,neutral,0.82375,0.8091937249179132,0.9241666666666667,0.8628671464695584
40000,16000,24000,40,Logistic Regression,TF-IDF,10000,neutral,0.823125,0.8096980786825252,0.921875,0.8621529469069654
40000,16000,24000,40,Logistic Regression,TF-IDF,15000,neutral,0.823,0.8121771217712177,0.9170833333333334,0.8614481409001957
40000,16000,24000,40,Logistic Regression,TF-IDF,10000,neutral,0.82325,0.8135185185185185,0.9152083333333333,0.8613725490196078
40000,16000,24000,40,Logistic Regression,TF-IDF,15000,neutral,0.822125,0.811473897804833,0.9164583333333334,0.8607768320125232
40000,16000,24000,40,Logistic Regression,TF-IDF,10000,neutral,0.822375,0.8133926915229086,0.9135416666666667,0.8605632420763418
40000,16000,24000,40,Logistic Regression,TF-IDF,5000,neutral,0.820625,0.8116317836636414,0.9129166666666667,0.8592999313658202
40000,16000,24000,40,Logistic Regression,TF-IDF,5000,neutral,0.817875,0.8065285164129837,0.91625,0.8578952501706818
40000,16000,24000,40,Logistic Regression,TF-IDF,10000,neutral,0.818625,0.8117668962949172,0.9083333333333333,0.8573394946416282
40000,16000,24000,40,Logistic Regression,TF-IDF,5000,neutral,0.8185,0.8112681294161398,0.9089583333333333,0.8573393594026332
40000,16000,24000,40,Logistic Regression,TF-IDF,15000,neutral,0.816125,0.8029117379435851,0.9191666666666667,0.8571151044196211
40000,16000,24000,40,Logistic Regression,TF-IDF,15000,neutral,0.817625,0.8099832993134162,0.909375,0.856806359799784
40000,16000,24000,40,Logistic Regression,TF-IDF,10000,neutral,0.8155,0.8032846715328467,0.9170833333333334,0.856420233463035
40000,16000,24000,40,Multinomial Naive Bayes,TF-IDF,15000,neutral,0.82625,0.8493852459016393,0.8635416666666667,0.856404958677686
40000,16000,24000,40,Multinomial Naive Bayes,TF-IDF,10000,neutral,0.82375,0.8445121951219512,0.865625,0.8549382716049383
40000,16000,24000,40,Logistic Regression,TF-IDF,5000,neutral,0.813625,0.8023022108532797,0.9147916666666667,0.8548622602939745
40000,16000,24000,40,Logistic Regression,TF-IDF,5000,neutral,0.815125,0.8099682658204219,0.9039583333333333,0.8543861376390667
40000,16000,24000,40,Multinomial Naive Bayes,TF-IDF,15000,neutral,0.82325,0.8483539094650205,0.8589583333333334,0.8536231884057971
40000,16000,24000,40,Multinomial Naive Bayes,TF-IDF,10000,neutral,0.821875,0.8443174862273005,0.8620833333333333,0.8531079270178332
40000,24000,16000,60,Logistic Regression,TF-IDF,15000,incel,0.825625,0.8632387454661831,0.8429166666666666,0.8529566775587646
40000,16000,24000,40,Multinomial Naive Bayes,TF-IDF,15000,neutral,0.8215,0.8440816326530612,0.8616666666666667,0.8527835051546392
40000,16000,24000,40,Multinomial Naive Bayes,TF-IDF,5000,neutral,0.8185,0.8325387365911799,0.873125,0.8523489932885906
40000,24000,16000,60,Logistic Regression,TF-IDF,10000,incel,0.8245,0.8617383894333192,0.8427083333333333,0.8521171266062777
40000,16000,24000,40,Multinomial Naive Bayes,TF-IDF,5000,neutral,0.818375,0.8349009405643386,0.8691666666666666,0.8516892926406042
40000,24000,16000,60,Multinomial Naive Bayes,TF-IDF,10000,incel,0.8015,0.7735013623978202,0.94625,0.8511994002998501
40000,16000,24000,40,Multinomial Naive Bayes,TF-IDF,10000,neutral,0.817375,0.8374772589448151,0.863125,0.8501077254539858
40000,24000,16000,60,Multinomial Naive Bayes,TF-IDF,10000,incel,0.799875,0.772070079945569,0.945625,0.8500795954677405
40000,24000,16000,60,Multinomial Naive Bayes,TF-IDF,15000,incel,0.797875,0.7660036770850743,0.9547916666666667,0.8500417323564871
40000,16000,24000,40,Multinomial Naive Bayes,TF-IDF,10000,neutral,0.818125,0.8415356340616704,0.8585416666666666,0.8499535938950191
40000,16000,24000,40,Multinomial Naive Bayes,TF-IDF,15000,neutral,0.819625,0.8485981308411215,0.85125,0.8499219968798752
40000,16000,24000,40,Multinomial Naive Bayes,TF-IDF,15000,neutral,0.819125,0.8464558793139079,0.8533333333333334,0.8498806930179479
40000,16000,24000,40,Support Vector Machines (SVM),TF-IDF,10000,neutral,0.811875,0.8164009986556559,0.885625,0.8496052763065854
40000,16000,24000,40,Multinomial Naive Bayes,TF-IDF,5000,neutral,0.81425,0.8268244575936884,0.8733333333333333,0.8494427558257346
40000,24000,16000,60,Multinomial Naive Bayes,TF-IDF,15000,incel,0.7975,0.7668680765357503,0.951875,0.8494143892916899
40000,16000,24000,40,Support Vector Machines (SVM),TF-IDF,15000,neutral,0.812,0.8180239289849479,0.883125,0.8493287918252855
40000,16000,24000,40,Multinomial Naive Bayes,TF-IDF,10000,neutral,0.81775,0.8426989335520919,0.8560416666666667,0.8493178999586606
40000,16000,24000,40,Multinomial Naive Bayes,TF-IDF,5000,neutral,0.815375,0.8326326326326327,0.8664583333333333,0.8492087799897907
40000,16000,24000,40,Support Vector Machines (SVM),TF-IDF,5000,neutral,0.8115,0.8184984520123839,0.88125,0.8487158908507223
40000,24000,16000,60,Multinomial Naive Bayes,TF-IDF,15000,incel,0.796875,0.7677517287906899,0.9483333333333334,0.8485413365644515
40000,16000,24000,40,Support Vector Machines (SVM),TF-IDF,15000,neutral,0.81125,0.8216660148611654,0.8754166666666666,0.8476901351623967
40000,24000,16000,60,Multinomial Naive Bayes,TF-IDF,10000,incel,0.7975,0.772446881425634,0.9391666666666667,0.8476871004136893
40000,24000,16000,60,Logistic Regression,TF-IDF,5000,incel,0.81825,0.8545994065281899,0.84,0.8472368144568186
40000,24000,16000,60,Multinomial Naive Bayes,TF-IDF,5000,incel,0.796125,0.7700698823930459,0.94125,0.8470985281709946
40000,16000,24000,40,Support Vector Machines (SVM),TF-IDF,15000,neutral,0.810375,0.8205428627221246,0.8754166666666666,0.8470920270134059
40000,24000,16000,60,Multinomial Naive Bayes,TF-IDF,15000,incel,0.794,0.7641635936976199,0.9497916666666667,0.8469255062232955
40000,16000,24000,40,Support Vector Machines (SVM),TF-IDF,10000,neutral,0.809875,0.8200273277376537,0.8752083333333334,0.846719742013504
40000,16000,24000,40,Support Vector Machines (SVM),TF-IDF,5000,neutral,0.809125,0.8179522051680591,0.8770833333333333,0.8464863778023525
40000,16000,24000,40,Support Vector Machines (SVM),TF-IDF,5000,neutral,0.80775,0.8135332564398309,0.8816666666666667,0.8462307538492302
40000,16000,24000,40,Support Vector Machines (SVM),TF-IDF,5000,neutral,0.80575,0.8058801356954391,0.8908333333333334,0.8462299623985751
40000,16000,24000,40,Support Vector Machines (SVM),TF-IDF,10000,neutral,0.80925,0.8196017180788754,0.8745833333333334,0.8462003628300746
40000,24000,16000,60,Multinomial Naive Bayes,TF-IDF,15000,incel,0.792875,0.7631006194542106,0.9495833333333333,0.8461895479439339
40000,24000,16000,60,Multinomial Naive Bayes,TF-IDF,10000,incel,0.79475,0.7689948892674616,0.9404166666666667,0.8461105904404873
40000,24000,16000,60,Multinomial Naive Bayes,TF-IDF,10000,incel,0.7945,0.7690078418002045,0.9397916666666667,0.8458653665854116
40000,24000,16000,60,Support Vector Machines (SVM),TF-IDF,15000,incel,0.81575,0.8501052631578947,0.84125,0.8456544502617801
40000,24000,16000,60,Multinomial Naive Bayes,TF-IDF,5000,incel,0.79425,0.7717091660923501,0.933125,0.8447755563938136
40000,24000,16000,60,Logistic Regression,TF-IDF,15000,incel,0.815375,0.8529849160824304,0.8364583333333333,0.8446407909961081
40000,16000,24000,40,Support Vector Machines (SVM),TF-IDF,15000,neutral,0.8045,0.8076045627376426,0.885,0.8445328031809145
40000,24000,16000,60,Multinomial Naive Bayes,TF-IDF,5000,incel,0.793,0.7687179487179487,0.936875,0.8445070422535211
40000,16000,24000,40,Support Vector Machines (SVM),TF-IDF,10000,neutral,0.806375,0.8161836218634507,0.8741666666666666,0.844180665928981
40000,16000,24000,40,Support Vector Machines (SVM),TF-IDF,10000,neutral,0.804,0.8074581430745814,0.8841666666666667,0.8440731901352426
40000,16000,24000,40,Support Vector Machines (SVM),TF-IDF,5000,neutral,0.804625,0.8099980846581115,0.8810416666666666,0.8440275421614609
40000,16000,24000,40,Support Vector Machines (SVM),TF-IDF,15000,neutral,0.80575,0.8173640985529917,0.8708333333333333,0.8432519669154731
40000,24000,16000,60,Support Vector Machines (SVM),TF-IDF,10000,incel,0.812875,0.8483442311748576,0.8379166666666666,0.8430982077350383
40000,24000,16000,60,Logistic Regression,TF-IDF,15000,incel,0.814375,0.8572968312136237,0.8285416666666666,0.8426740120775505
40000,24000,16000,60,Multinomial Naive Bayes,TF-IDF,5000,incel,0.791375,0.7706136560069144,0.92875,0.8423240434577232
40000,16000,24000,40,Multinomial Naive Bayes,TF-IDF,5000,neutral,0.807,0.826383319967923,0.85875,0.8422558234572947
40000,24000,16000,60,Multinomial Naive Bayes,TF-IDF,5000,incel,0.791375,0.7709884022849229,0.9279166666666666,0.8422047839652075
40000,24000,16000,60,Logistic Regression,TF-IDF,10000,incel,0.8115,0.8478444632290786,0.8358333333333333,0.8417960553923626
40000,24000,16000,60,Logistic Regression,TF-IDF,15000,incel,0.81025,0.8448928121059268,0.8375,0.8411801632140615
40000,24000,16000,60,Logistic Regression,TF-IDF,10000,incel,0.811375,0.850479233226837,0.831875,0.8410742496050553
40000,24000,16000,60,Logistic Regression,TF-IDF,10000,incel,0.81125,0.8542204995693368,0.8264583333333333,0.8401101228293096
40000,24000,16000,60,Logistic Regression,TF-IDF,15000,incel,0.810625,0.8514872672801198,0.8289583333333334,0.8400717829621028
40000,24000,16000,60,Logistic Regression,TF-IDF,10000,incel,0.808375,0.8433886903510616,0.8358333333333333,0.839594014858219
40000,24000,16000,60,Support Vector Machines (SVM),TF-IDF,5000,incel,0.808875,0.8486463440630996,0.829375,0.8389000105362976
40000,24000,16000,60,Logistic Regression,TF-IDF,5000,incel,0.807,0.8477146518581803,0.826875,0.8371651550305843
40000,24000,16000,60,Logistic Regression,TF-IDF,5000,incel,0.805875,0.8427274646400675,0.8316666666666667,0.8371605326622628
40000,24000,16000,60,Support Vector Machines (SVM),TF-IDF,15000,incel,0.803375,0.8381890588975057,0.833125,0.835649357433915
40000,24000,16000,60,Logistic Regression,TF-IDF,5000,incel,0.8055,0.8486672398968186,0.8225,0.8353787558188743
40000,24000,16000,60,Logistic Regression,TF-IDF,5000,incel,0.80225,0.8373165618448637,0.8320833333333333,0.8346917450365726
40000,24000,16000,60,Support Vector Machines (SVM),TF-IDF,15000,incel,0.800875,0.8397965670692944,0.825625,0.8326504884966909
40000,24000,16000,60,Support Vector Machines (SVM),TF-IDF,10000,incel,0.79825,0.8356510745891277,0.82625,0.830923947203017
40000,24000,16000,60,Support Vector Machines (SVM),TF-IDF,10000,incel,0.79875,0.8390731292517006,0.8222916666666666,0.8305976430976431
40000,24000,16000,60,Support Vector Machines (SVM),TF-IDF,15000,incel,0.797125,0.8335082930925887,0.8270833333333333,0.8302833838753529
40000,24000,16000,60,Support Vector Machines (SVM),TF-IDF,10000,incel,0.796125,0.8316935315051287,0.8277083333333334,0.8296961470188995
40000,24000,16000,60,Support Vector Machines (SVM),TF-IDF,10000,incel,0.797125,0.8369034994697773,0.8220833333333334,0.8294272201786652
40000,24000,16000,60,Support Vector Machines (SVM),TF-IDF,5000,incel,0.7955,0.8391938250428816,0.8154166666666667,0.827134404057481
40000,24000,16000,60,Support Vector Machines (SVM),TF-IDF,5000,incel,0.79325,0.8339702760084926,0.8183333333333334,0.8260778128286015
40000,24000,16000,60,Support Vector Machines (SVM),TF-IDF,15000,incel,0.792875,0.8324518722233974,0.8197916666666667,0.8260732654560722
40000,24000,16000,60,Support Vector Machines (SVM),TF-IDF,5000,incel,0.794,0.838052338052338,0.8139583333333333,0.8258296343267808
40000,24000,16000,60,Support Vector Machines (SVM),TF-IDF,5000,incel,0.79175,0.8361218361218361,0.8120833333333334,0.8239272880997675
40000,20000,20000,50,Logistic Regression,TF-IDF,15000,neutral,0.811125,0.7764941124194623,0.87375,0.822256205152335
40000,20000,20000,50,Logistic Regression,TF-IDF,15000,neutral,0.812875,0.7844964764719254,0.86275,0.8217644957733063
40000,20000,20000,50,Logistic Regression,TF-IDF,10000,neutral,0.81175,0.7827664399092971,0.863,0.8209274673008323
40000,20000,20000,50,Logistic Regression,TF-IDF,10000,neutral,0.80875,0.775300936246099,0.8695,0.8197030403016733
40000,20000,20000,50,Logistic Regression,TF-IDF,15000,neutral,0.809625,0.7793819084141664,0.86375,0.8193999762836476
40000,20000,20000,50,Logistic Regression,TF-IDF,15000,neutral,0.80975,0.7806977797915723,0.8615,0.8191110054670787
40000,20000,20000,50,Logistic Regression,TF-IDF,10000,neutral,0.8095,0.7799638172772501,0.86225,0.8190453573972928
40000,20000,20000,50,Logistic Regression,TF-IDF,5000,neutral,0.809875,0.7826681870011403,0.858,0.8186046511627907
40000,20000,20000,50,Logistic Regression,TF-IDF,10000,neutral,0.80875,0.779918404351768,0.86025,0.81811697574893
40000,20000,20000,50,Logistic Regression,TF-IDF,15000,neutral,0.809,0.782837528604119,0.85525,0.8174432497013142
40000,20000,20000,50,Logistic Regression,TF-IDF,10000,neutral,0.80825,0.7833180147058824,0.85225,0.8163314176245211
40000,20000,20000,50,Logistic Regression,TF-IDF,5000,neutral,0.80525,0.7745053956834532,0.86125,0.8155776515151515
40000,20000,20000,50,Multinomial Naive Bayes,TF-IDF,15000,incel,0.795125,0.7431513903192585,0.902,0.8149068322981367
40000,20000,20000,50,Logistic Regression,TF-IDF,5000,neutral,0.805875,0.7787650945545682,0.8545,0.8148766241506735
40000,20000,20000,50,Logistic Regression,TF-IDF,5000,neutral,0.804625,0.7772468714448236,0.854,0.8138177486599166
40000,20000,20000,50,Logistic Regression,TF-IDF,5000,neutral,0.805625,0.7810991032421246,0.84925,0.8137501497185292
40000,20000,20000,50,Multinomial Naive Bayes,TF-IDF,15000,incel,0.791375,0.7405572755417956,0.897,0.8113058224985867
40000,20000,20000,50,Multinomial Naive Bayes,TF-IDF,10000,incel,0.791125,0.7433646812957158,0.88925,0.8097894137734776
40000,20000,20000,50,Multinomial Naive Bayes,TF-IDF,15000,incel,0.787875,0.7340922951819475,0.90275,0.8097320327390963
40000,20000,20000,50,Multinomial Naive Bayes,TF-IDF,10000,incel,0.789625,0.7396070320579111,0.894,0.8095076400679118
40000,20000,20000,50,Multinomial Naive Bayes,TF-IDF,10000,incel,0.78925,0.7421515278359146,0.8865,0.807928913192071
40000,20000,20000,50,Multinomial Naive Bayes,TF-IDF,15000,incel,0.786875,0.7361597036427249,0.89425,0.8075403544418106
40000,20000,20000,50,Multinomial Naive Bayes,TF-IDF,10000,incel,0.7885,0.7420302013422819,0.8845,0.8070255474452555
40000,20000,20000,50,Support Vector Machines (SVM),TF-IDF,10000,neutral,0.800875,0.7848520710059171,0.829,0.806322188449848
40000,20000,20000,50,Support Vector Machines (SVM),TF-IDF,15000,neutral,0.799875,0.7817712003758516,0.832,0.8061039118323846
40000,20000,20000,50,Support Vector Machines (SVM),TF-IDF,5000,neutral,0.798875,0.7796491228070176,0.83325,0.805558912386707
40000,20000,20000,50,Support Vector Machines (SVM),TF-IDF,15000,neutral,0.800375,0.7854597291518175,0.8265,0.805457424777683
40000,20000,20000,50,Multinomial Naive Bayes,TF-IDF,15000,incel,0.784875,0.7355799048997312,0.8895,0.8052506506733054
40000,20000,20000,50,Support Vector Machines (SVM),TF-IDF,10000,neutral,0.798625,0.7798079175450925,0.83225,0.805175958398839
40000,20000,20000,50,Multinomial Naive Bayes,TF-IDF,10000,incel,0.784625,0.7379310344827587,0.88275,0.8038702333523051
40000,20000,20000,50,Support Vector Machines (SVM),TF-IDF,15000,neutral,0.797625,0.7804475853945818,0.82825,0.8036385688295937
40000,20000,20000,50,Logistic Regression,TF-IDF,15000,incel,0.812875,0.8475423493474035,0.763,0.8030522299697408
40000,20000,20000,50,Support Vector Machines (SVM),TF-IDF,5000,neutral,0.794625,0.7741335194231217,0.832,0.8020243402819617
40000,20000,20000,50,Support Vector Machines (SVM),TF-IDF,5000,neutral,0.797,0.7828571428571428,0.822,0.8019512195121952
40000,20000,20000,50,Support Vector Machines (SVM),TF-IDF,5000,neutral,0.794,0.7724745134383688,0.8335,0.8018278018278018
40000,20000,20000,50,Logistic Regression,TF-IDF,10000,incel,0.81175,0.8473537604456824,0.7605,0.8015810276679842
40000,20000,20000,50,Support Vector Machines (SVM),TF-IDF,10000,neutral,0.795625,0.7793527049373966,0.82475,0.801408963925665
40000,20000,20000,50,Support Vector Machines (SVM),TF-IDF,15000,neutral,0.795,0.7776470588235294,0.82625,0.8012121212121213
40000,20000,20000,50,Multinomial Naive Bayes,TF-IDF,5000,incel,0.7835,0.7423076923076923,0.8685,0.8004608294930876
40000,20000,20000,50,Support Vector Machines (SVM),TF-IDF,10000,neutral,0.793875,0.7760037567504109,0.82625,0.8003390240949267
40000,20000,20000,50,Logistic Regression,TF-IDF,5000,incel,0.809875,0.8428769017980636,0.76175,0.8002626395272489
40000,20000,20000,50,Multinomial Naive Bayes,TF-IDF,5000,incel,0.781875,0.7382210014789774,0.8735,0.8001832130997366
40000,20000,20000,50,Support Vector Machines (SVM),TF-IDF,15000,neutral,0.795625,0.7830979171654298,0.81775,0.8000489176959765
40000,20000,20000,50,Support Vector Machines (SVM),TF-IDF,10000,neutral,0.795625,0.783641160949868,0.81675,0.7998531031950055
40000,20000,20000,50,Logistic Regression,TF-IDF,15000,incel,0.809,0.8404958677685951,0.76275,0.799737876802097
40000,20000,20000,50,Logistic Regression,TF-IDF,10000,incel,0.80825,0.8379934210526315,0.76425,0.7994246861924686
40000,20000,20000,50,Logistic Regression,TF-IDF,15000,incel,0.80975,0.8455103179029559,0.758,0.7993672554706037
40000,20000,20000,50,Multinomial Naive Bayes,TF-IDF,5000,incel,0.78,0.7355910811947833,0.87425,0.7989490518620059
40000,20000,20000,50,Logistic Regression,TF-IDF,10000,incel,0.8095,0.8460033538289548,0.75675,0.7988915281076802
40000,20000,20000,50,Logistic Regression,TF-IDF,15000,incel,0.809625,0.847210541070928,0.7555,0.7987313334214352
40000,20000,20000,50,Logistic Regression,TF-IDF,15000,incel,0.811125,0.855673049442698,0.7485,0.7985064675290039
40000,20000,20000,50,Logistic Regression,TF-IDF,10000,incel,0.80875,0.8442028985507246,0.75725,0.7983658408012652
40000,20000,20000,50,Support Vector Machines (SVM),TF-IDF,5000,neutral,0.79,0.7682701202590194,0.8305,0.7981739548294089
40000,20000,20000,50,Logistic Regression,TF-IDF,5000,incel,0.805625,0.8348397699260477,0.762,0.7967585936478891
40000,20000,20000,50,Logistic Regression,TF-IDF,10000,incel,0.80875,0.8514513375071144,0.748,0.7963800904977375
40000,20000,20000,50,Multinomial Naive Bayes,TF-IDF,5000,incel,0.777,0.7333614153327717,0.8705,0.7960676726108825
40000,20000,20000,50,Logistic Regression,TF-IDF,5000,incel,0.805875,0.8388258100249238,0.75725,0.7959532255945342
40000,20000,20000,50,Support Vector Machines (SVM),TF-IDF,10000,incel,0.800875,0.8188079470198676,0.77275,0.7951125401929261
40000,20000,20000,50,Support Vector Machines (SVM),TF-IDF,15000,incel,0.800375,0.8169348456871538,0.77425,0.795019894750353
40000,20000,20000,50,Multinomial Naive Bayes,TF-IDF,5000,incel,0.775875,0.7325605900948367,0.869,0.7949685534591195
40000,20000,20000,50,Logistic Regression,TF-IDF,5000,incel,0.804625,0.838002773925104,0.75525,0.7944773175542407
40000,20000,20000,50,Logistic Regression,TF-IDF,5000,incel,0.80525,0.84375,0.74925,0.793697033898305
40000,20000,20000,50,Support Vector Machines (SVM),TF-IDF,15000,incel,0.799875,0.8204648677531392,0.76775,0.7932325971845537
40000,20000,20000,50,Support Vector Machines (SVM),TF-IDF,5000,incel,0.797,0.8126315789473684,0.772,0.7917948717948718
40000,20000,20000,50,Support Vector Machines (SVM),TF-IDF,5000,incel,0.798875,0.8209395973154362,0.7645,0.791715210355987
40000,20000,20000,50,Support Vector Machines (SVM),TF-IDF,10000,incel,0.798625,0.8201554543017958,0.765,0.7916181606519208
40000,20000,20000,50,Support Vector Machines (SVM),TF-IDF,15000,incel,0.797625,0.8170439414114514,0.767,0.7912314635718891
40000,20000,20000,50,Support Vector Machines (SVM),TF-IDF,10000,incel,0.795625,0.8086661446097625,0.7745,0.7912144042906397
40000,20000,20000,50,Support Vector Machines (SVM),TF-IDF,15000,incel,0.795625,0.8093120585927283,0.7735,0.7910008947973923
40000,20000,20000,50,Support Vector Machines (SVM),TF-IDF,10000,incel,0.795625,0.8139102734271303,0.7665,0.7894940131324836
40000,20000,20000,50,Support Vector Machines (SVM),TF-IDF,15000,incel,0.795,0.8146666666666667,0.76375,0.7883870967741935
40000,20000,20000,50,Support Vector Machines (SVM),TF-IDF,10000,incel,0.793875,0.8142207965784549,0.7615,0.7869784265598759
40000,20000,20000,50,Support Vector Machines (SVM),TF-IDF,5000,incel,0.794625,0.8184274520399892,0.75725,0.7866510842747695
40000,24000,16000,60,Logistic Regression,TF-IDF,15000,neutral,0.825625,0.7724117114397827,0.7996875,0.7858129894058038
40000,20000,20000,50,Support Vector Machines (SVM),TF-IDF,5000,incel,0.794,0.8192182410423453,0.7545,0.7855283706402915
40000,24000,16000,60,Logistic Regression,TF-IDF,10000,neutral,0.8245,0.7716273442226256,0.7971875,0.7841992007377805
40000,20000,20000,50,Support Vector Machines (SVM),TF-IDF,5000,incel,0.79,0.8155603917301415,0.7495,0.7811360083376758
40000,16000,24000,40,Multinomial Naive Bayes,TF-IDF,15000,incel,0.82625,0.7900641025641025,0.7703125,0.7800632911392406
40000,16000,24000,40,Multinomial Naive Bayes,TF-IDF,15000,incel,0.82325,0.7843949044585987,0.7696875,0.7769716088328076
40000,24000,16000,60,Logistic Regression,TF-IDF,5000,neutral,0.81825,0.7659963436928702,0.785625,0.7756865165072508
40000,16000,24000,40,Multinomial Naive Bayes,TF-IDF,10000,incel,0.82375,0.7905844155844156,0.7609375,0.7754777070063694
40000,16000,24000,40,Multinomial Naive Bayes,TF-IDF,15000,incel,0.819625,0.7758241758241758,0.7721875,0.7740015661707126
40000,16000,24000,40,Multinomial Naive Bayes,TF-IDF,10000,incel,0.821875,0.7863827040980962,0.7615625,0.7737736148595015
40000,24000,16000,60,Logistic Regression,TF-IDF,15000,neutral,0.814375,0.7551324010711098,0.793125,0.7736625514403292
40000,16000,24000,40,Multinomial Naive Bayes,TF-IDF,15000,incel,0.8215,0.7858064516129032,0.76125,0.7733333333333333
40000,24000,16000,60,Logistic Regression,TF-IDF,15000,neutral,0.815375,0.7616155481324021,0.78375,0.7725242568920376
40000,16000,24000,40,Multinomial Naive Bayes,TF-IDF,15000,incel,0.819125,0.7772856690920594,0.7678125,0.7725200440182362
40000,24000,16000,60,Support Vector Machines (SVM),TF-IDF,15000,neutral,0.81575,0.7655384615384615,0.7775,0.7714728682170543
40000,20000,20000,50,Multinomial Naive Bayes,TF-IDF,15000,neutral,0.795125,0.8753577106518283,0.68825,0.7706088173547936
40000,24000,16000,60,Logistic Regression,TF-IDF,10000,neutral,0.81125,0.7517878426698451,0.7884375,0.7696766320927395
40000,16000,24000,40,Multinomial Naive Bayes,TF-IDF,10000,incel,0.81775,0.778809218950064,0.7603125,0.7694497153700189
40000,16000,24000,40,Multinomial Naive Bayes,TF-IDF,10000,incel,0.818125,0.7811795037060909,0.7575,0.7691575440266539
40000,20000,20000,50,Multinomial Naive Bayes,TF-IDF,10000,neutral,0.791125,0.862208398133748,0.693,0.7683991683991684
40000,24000,16000,60,Support Vector Machines (SVM),TF-IDF,10000,neutral,0.812875,0.7612764651733661,0.7753125,0.768230376219229
40000,24000,16000,60,Logistic Regression,TF-IDF,10000,neutral,0.811375,0.7558245083207261,0.780625,0.7680245964642582
40000,24000,16000,60,Logistic Regression,TF-IDF,15000,neutral,0.810625,0.7532311391644124,0.783125,0.7678872376283131
40000,24000,16000,60,Logistic Regression,TF-IDF,10000,neutral,0.8115,0.758873929008568,0.775,0.766852195423624
40000,20000,20000,50,Multinomial Naive Bayes,TF-IDF,15000,neutral,0.791375,0.8694136291600634,0.68575,0.7667365478686233
40000,20000,20000,50,Multinomial Naive Bayes,TF-IDF,10000,neutral,0.78925,0.8590937306021105,0.692,0.7665466629742453
40000,16000,24000,40,Multinomial Naive Bayes,TF-IDF,10000,incel,0.817375,0.7848018342613823,0.74875,0.7663521509675356
40000,20000,20000,50,Multinomial Naive Bayes,TF-IDF,10000,neutral,0.7885,0.8570544554455446,0.6925,0.7660398230088495
40000,16000,24000,40,Multinomial Naive Bayes,TF-IDF,5000,incel,0.818375,0.7908757908757909,0.7421875,0.7657585039497018
40000,20000,20000,50,Multinomial Naive Bayes,TF-IDF,10000,neutral,0.789625,0.8660347551342812,0.68525,0.7651081646894626
40000,24000,16000,60,Support Vector Machines (SVM),TF-IDF,5000,neutral,0.808875,0.7524932003626473,0.778125,0.7650944845598402
40000,16000,24000,40,Multinomial Naive Bayes,TF-IDF,5000,incel,0.8185,0.7946729602157788,0.7365625,0.7645150827116445
40000,24000,16000,60,Logistic Regression,TF-IDF,15000,neutral,0.81025,0.7594077729796422,0.769375,0.7643588947531822
40000,20000,20000,50,Multinomial Naive Bayes,TF-IDF,5000,neutral,0.7835,0.841566265060241,0.6985,0.7633879781420765
40000,24000,16000,60,Logistic Regression,TF-IDF,5000,neutral,0.807,0.7495479204339964,0.7771875,0.7631175207118748
40000,24000,16000,60,Logistic Regression,TF-IDF,5000,neutral,0.8055,0.7455197132616488,0.78,0.7623701893708003
40000,24000,16000,60,Logistic Regression,TF-IDF,10000,neutral,0.808375,0.7570151094665434,0.7671875,0.7620673599255006
40000,16000,24000,40,Multinomial Naive Bayes,TF-IDF,5000,incel,0.815375,0.7866888519134775,0.73875,0.7619661563255439
40000,20000,20000,50,Multinomial Naive Bayes,TF-IDF,15000,neutral,0.786875,0.8653295128939829,0.6795,0.7612379218596835
40000,20000,20000,50,Multinomial Naive Bayes,TF-IDF,10000,neutral,0.784625,0.8541213063763609,0.6865,0.7611919611919612
40000,20000,20000,50,Multinomial Naive Bayes,TF-IDF,15000,neutral,0.787875,0.8737422914638104,0.673,0.7603445840982912
40000,20000,20000,50,Multinomial Naive Bayes,TF-IDF,5000,neutral,0.781875,0.8451178451178452,0.69025,0.7598734003027384
40000,20000,20000,50,Multinomial Naive Bayes,TF-IDF,15000,neutral,0.784875,0.8602592475497945,0.68025,0.7597375401368142
40000,24000,16000,60,Logistic Regression,TF-IDF,5000,neutral,0.805875,0.7523751149249157,0.7671875,0.7597091134148228
40000,16000,24000,40,Multinomial Naive Bayes,TF-IDF,5000,incel,0.81425,0.7924914675767918,0.725625,0.7575856443719413
40000,20000,20000,50,Multinomial Naive Bayes,TF-IDF,5000,neutral,0.78,0.8450400492914356,0.68575,0.7571073695832183
40000,16000,24000,40,Logistic Regression,TF-IDF,10000,incel,0.82325,0.8434615384615385,0.6853125,0.7562068965517241
40000,16000,24000,40,Logistic Regression,TF-IDF,10000,incel,0.822375,0.8409352242238406,0.685625,0.7553795834050611
40000,24000,16000,60,Support Vector Machines (SVM),TF-IDF,15000,neutral,0.803375,0.7519355837720657,0.75875,0.7553274226162701
40000,16000,24000,40,Logistic Regression,TF-IDF,15000,incel,0.823,0.8457364341085272,0.681875,0.7550173010380623
40000,24000,16000,60,Support Vector Machines (SVM),TF-IDF,15000,neutral,0.800875,0.7448948491313624,0.76375,0.7542045980558556
40000,20000,20000,50,Multinomial Naive Bayes,TF-IDF,5000,neutral,0.777,0.8407134071340714,0.6835,0.7539988968560397
40000,24000,16000,60,Logistic Regression,TF-IDF,5000,neutral,0.80225,0.7504643962848297,0.7575,0.7539657853810264
40000,16000,24000,40,Logistic Regression,TF-IDF,15000,incel,0.822125,0.8445133772780148,0.680625,0.7537636269250736
40000,16000,24000,40,Logistic Regression,TF-IDF,15000,incel,0.82375,0.8554408260524226,0.673125,0.7534102833158447
40000,16000,24000,40,Logistic Regression,TF-IDF,10000,incel,0.823125,0.8520710059171598,0.675,0.7532693984306887
40000,20000,20000,50,Multinomial Naive Bayes,TF-IDF,5000,neutral,0.775875,0.8390168970814132,0.68275,0.7528600964851826
40000,16000,24000,40,Logistic Regression,TF-IDF,5000,incel,0.820625,0.8392925797770089,0.6821875,0.7526288570936045
40000,24000,16000,60,Support Vector Machines (SVM),TF-IDF,10000,neutral,0.79875,0.7412014563106796,0.7634375,0.7521551724137931
40000,16000,24000,40,Support Vector Machines (SVM),TF-IDF,15000,incel,0.81125,0.7927927927927928,0.715,0.751889582648702
40000,16000,24000,40,Multinomial Naive Bayes,TF-IDF,5000,incel,0.807,0.7749003984063745,0.729375,0.7514488087572441
40000,16000,24000,40,Logistic Regression,TF-IDF,10000,incel,0.818625,0.8326359832635983,0.6840625,0.7510722250814891
40000,16000,24000,40,Logistic Regression,TF-IDF,5000,incel,0.8185,0.8333333333333334,0.6828125,0.7506011679835108
40000,16000,24000,40,Support Vector Machines (SVM),TF-IDF,15000,incel,0.810375,0.7922889892323723,0.7128125,0.7504523770356967
40000,16000,24000,40,Support Vector Machines (SVM),TF-IDF,15000,incel,0.812,0.8009226401703335,0.7053125,0.75008308408109
40000,16000,24000,40,Support Vector Machines (SVM),TF-IDF,5000,incel,0.8115,0.798728813559322,0.706875,0.75
40000,24000,16000,60,Support Vector Machines (SVM),TF-IDF,10000,neutral,0.79825,0.743700061462815,0.75625,0.7499225286643941
40000,24000,16000,60,Support Vector Machines (SVM),TF-IDF,10000,neutral,0.797125,0.7400304414003044,0.7596875,0.7497301464919044
40000,16000,24000,40,Support Vector Machines (SVM),TF-IDF,10000,incel,0.809875,0.791797010775113,0.711875,0.7497120289616587
40000,24000,16000,60,Support Vector Machines (SVM),TF-IDF,5000,neutral,0.7955,0.7344124700239808,0.765625,0.7496940024479805
40000,16000,24000,40,Support Vector Machines (SVM),TF-IDF,10000,incel,0.80925,0.7908269631688672,0.71125,0.7489305692662059
40000,16000,24000,40,Logistic Regression,TF-IDF,15000,incel,0.817625,0.8333971658368441,0.68,0.7489244536224402
40000,16000,24000,40,Support Vector Machines (SVM),TF-IDF,10000,incel,0.811875,0.80343716433942,0.70125,0.7488736859669615
40000,24000,16000,60,Support Vector Machines (SVM),TF-IDF,5000,neutral,0.794,0.7324745356500899,0.7640625,0.7479351483634139
40000,24000,16000,60,Support Vector Machines (SVM),TF-IDF,15000,neutral,0.797125,0.7435897435897436,0.7521875,0.7478639117601367
40000,16000,24000,40,Support Vector Machines (SVM),TF-IDF,5000,incel,0.809125,0.7932001402032948,0.7071875,0.7477283991409218
40000,16000,24000,40,Logistic Regression,TF-IDF,5000,incel,0.815125,0.8255769958380628,0.681875,0.746876604483998
40000,16000,24000,40,Logistic Regression,TF-IDF,5000,incel,0.817875,0.8421672555948174,0.6703125,0.7464764224812946
40000,24000,16000,60,Support Vector Machines (SVM),TF-IDF,10000,neutral,0.796125,0.7434067638845796,0.74875,0.7460688151953916
40000,24000,16000,60,Support Vector Machines (SVM),TF-IDF,5000,neutral,0.79175,0.7297783103654883,0.76125,0.7451820128479657
40000,24000,16000,60,Support Vector Machines (SVM),TF-IDF,5000,neutral,0.79325,0.7349544072948329,0.755625,0.7451463790446842
40000,16000,24000,40,Support Vector Machines (SVM),TF-IDF,15000,incel,0.80575,0.7851697851697852,0.708125,0.7446598751232336
40000,16000,24000,40,Support Vector Machines (SVM),TF-IDF,10000,incel,0.806375,0.788737320741518,0.7046875,0.7443472520217858
40000,24000,16000,60,Support Vector Machines (SVM),TF-IDF,15000,neutral,0.792875,0.7357164680721051,0.7525,0.7440135949327977
40000,16000,24000,40,Support Vector Machines (SVM),TF-IDF,5000,incel,0.80775,0.7969978556111508,0.696875,0.7435811937312438
40000,16000,24000,40,Logistic Regression,TF-IDF,15000,incel,0.816125,0.8451097804391218,0.6615625,0.7421560035056968
40000,16000,24000,40,Logistic Regression,TF-IDF,10000,incel,0.8155,0.8420634920634921,0.663125,0.7419580419580419
40000,16000,24000,40,Logistic Regression,TF-IDF,5000,incel,0.813625,0.8381480015829046,0.661875,0.7396542692509167
40000,16000,24000,40,Support Vector Machines (SVM),TF-IDF,5000,incel,0.804625,0.7945304066210868,0.69,0.738585047666834
40000,16000,24000,40,Support Vector Machines (SVM),TF-IDF,15000,incel,0.8045,0.7985401459854015,0.68375,0.7367003367003367
40000,16000,24000,40,Support Vector Machines (SVM),TF-IDF,5000,incel,0.80575,0.8054936896807721,0.678125,0.7363420427553444
40000,16000,24000,40,Support Vector Machines (SVM),TF-IDF,10000,incel,0.804,0.7973760932944607,0.68375,0.7362045760430687
40000,12000,28000,30,Multinomial Naive Bayes,TF-IDF,15000,incel,0.852375,0.8307107976125881,0.6379166666666667,0.7216592033938252
40000,12000,28000,30,Multinomial Naive Bayes,TF-IDF,10000,incel,0.850625,0.8237506716818914,0.63875,0.7195494015489322
40000,12000,28000,30,Multinomial Naive Bayes,TF-IDF,10000,incel,0.853125,0.8423700391280045,0.6279166666666667,0.719503461446646
40000,12000,28000,30,Multinomial Naive Bayes,TF-IDF,15000,incel,0.851125,0.8305084745762712,0.6329166666666667,0.7183731378576496
40000,12000,28000,30,Multinomial Naive Bayes,TF-IDF,10000,incel,0.8505,0.8261105092091008,0.6354166666666666,0.7183231276495525
40000,12000,28000,30,Multinomial Naive Bayes,TF-IDF,10000,incel,0.848625,0.8197955890263583,0.635,0.7156609532754168
40000,12000,28000,30,Multinomial Naive Bayes,TF-IDF,15000,incel,0.849875,0.8303030303030303,0.6279166666666667,0.7150652431791222
40000,12000,28000,30,Multinomial Naive Bayes,TF-IDF,15000,incel,0.851125,0.8409475465313029,0.62125,0.7145938173975557
40000,12000,28000,30,Support Vector Machines (SVM),TF-IDF,10000,incel,0.845125,0.8044048243314106,0.6391666666666667,0.7123287671232876
40000,12000,28000,30,Support Vector Machines (SVM),TF-IDF,10000,incel,0.84275,0.7931211498973306,0.64375,0.7106715731370745
40000,12000,28000,30,Support Vector Machines (SVM),TF-IDF,15000,incel,0.842625,0.7936181163149768,0.6425,0.710108220124338
40000,12000,28000,30,Support Vector Machines (SVM),TF-IDF,15000,incel,0.84225,0.7917948717948718,0.6433333333333333,0.7098850574712644
40000,12000,28000,30,Support Vector Machines (SVM),TF-IDF,15000,incel,0.841875,0.7902813299232737,0.64375,0.7095292766934558
40000,12000,28000,30,Support Vector Machines (SVM),TF-IDF,5000,incel,0.8435,0.80083857442348,0.6366666666666667,0.7093779015784587
40000,12000,28000,30,Multinomial Naive Bayes,TF-IDF,15000,incel,0.848125,0.8353140916808149,0.615,0.7084233261339092
40000,12000,28000,30,Support Vector Machines (SVM),TF-IDF,15000,incel,0.842625,0.7976004173187272,0.6370833333333333,0.7083622886263609
40000,12000,28000,30,Support Vector Machines (SVM),TF-IDF,15000,incel,0.839875,0.7827185447195554,0.6454166666666666,0.7074674583238182
40000,12000,28000,30,Support Vector Machines (SVM),TF-IDF,10000,incel,0.841625,0.7939802802283342,0.6375,0.7071874277790617
40000,12000,28000,30,Multinomial Naive Bayes,TF-IDF,10000,incel,0.846875,0.8295008412787437,0.61625,0.7071479799187186
40000,12000,28000,30,Support Vector Machines (SVM),TF-IDF,10000,incel,0.839875,0.7861892583120205,0.6404166666666666,0.7058553386911596
40000,12000,28000,30,Multinomial Naive Bayes,TF-IDF,5000,incel,0.844875,0.8192837465564738,0.6195833333333334,0.7055753262158956
40000,12000,28000,30,Support Vector Machines (SVM),TF-IDF,5000,incel,0.840375,0.7910834629341628,0.6358333333333334,0.705012705012705
40000,12000,28000,30,Logistic Regression,TF-IDF,5000,incel,0.847375,0.8401615695326025,0.6066666666666667,0.7045729494314058
40000,12000,28000,30,Multinomial Naive Bayes,TF-IDF,5000,incel,0.847125,0.8388025331030512,0.6070833333333333,0.7043751510756587
40000,12000,28000,30,Support Vector Machines (SVM),TF-IDF,10000,incel,0.838375,0.7813929842399593,0.6404166666666666,0.7039157316235402
40000,12000,28000,30,Multinomial Naive Bayes,TF-IDF,5000,incel,0.8435,0.8146929824561403,0.6191666666666666,0.7035984848484849
40000,12000,28000,30,Multinomial Naive Bayes,TF-IDF,5000,incel,0.84475,0.823463687150838,0.6141666666666666,0.7035799522673031
40000,12000,28000,30,Support Vector Machines (SVM),TF-IDF,5000,incel,0.84175,0.8045112781954887,0.6241666666666666,0.7029563585171281
40000,12000,28000,30,Support Vector Machines (SVM),TF-IDF,5000,incel,0.838875,0.7867836861125451,0.635,0.7027899469679502
40000,24000,16000,60,Multinomial Naive Bayes,TF-IDF,10000,neutral,0.8015,0.8787593984962406,0.584375,0.7019519519519519
40000,12000,28000,30,Multinomial Naive Bayes,TF-IDF,5000,incel,0.84525,0.832,0.6066666666666667,0.7016867469879519
40000,12000,28000,30,Support Vector Machines (SVM),TF-IDF,5000,incel,0.839875,0.7958751983077736,0.6270833333333333,0.7014681892332789
40000,12000,28000,30,Logistic Regression,TF-IDF,15000,incel,0.8465,0.8443008225616921,0.59875,0.7006338371526085
40000,12000,28000,30,Logistic Regression,TF-IDF,10000,incel,0.847125,0.8492581602373888,0.59625,0.7006119951040392
40000,12000,28000,30,Logistic Regression,TF-IDF,5000,incel,0.848,0.8570566948130277,0.5920833333333333,0.7003449975357319
40000,12000,28000,30,Logistic Regression,TF-IDF,10000,incel,0.84775,0.855595667870036,0.5925,0.7001477104874446
40000,12000,28000,30,Logistic Regression,TF-IDF,10000,incel,0.84575,0.8417350527549824,0.5983333333333334,0.6994641987335607
40000,24000,16000,60,Multinomial Naive Bayes,TF-IDF,10000,neutral,0.799875,0.8769448373408769,0.58125,0.6991167073858298
40000,12000,28000,30,Logistic Regression,TF-IDF,10000,incel,0.84775,0.8590522478736331,0.5891666666666666,0.698961937716263
40000,12000,28000,30,Logistic Regression,TF-IDF,5000,incel,0.846,0.8451536643026005,0.5958333333333333,0.6989247311827957
40000,12000,28000,30,Logistic Regression,TF-IDF,15000,incel,0.847,0.8546441495778045,0.5904166666666667,0.6983735830458354
40000,24000,16000,60,Multinomial Naive Bayes,TF-IDF,10000,neutral,0.7975,0.8650646950092421,0.585,0.697986577181208
40000,12000,28000,30,Logistic Regression,TF-IDF,15000,incel,0.84625,0.8528347406513872,0.5891666666666666,0.696895022178413
40000,12000,28000,30,Logistic Regression,TF-IDF,15000,incel,0.846,0.8526570048309179,0.5883333333333334,0.6962524654832347
40000,12000,28000,30,Logistic Regression,TF-IDF,5000,incel,0.844,0.8380281690140845,0.595,0.695906432748538
40000,24000,16000,60,Multinomial Naive Bayes,TF-IDF,5000,neutral,0.79425,0.8538251366120219,0.5859375,0.6949592290585619
40000,24000,16000,60,Multinomial Naive Bayes,TF-IDF,5000,neutral,0.796125,0.8677918424753868,0.5784375,0.6941683855240952
40000,12000,28000,30,Logistic Regression,TF-IDF,10000,incel,0.84275,0.8362779740871613,0.5916666666666667,0.6930209858467545
40000,12000,28000,30,Logistic Regression,TF-IDF,5000,incel,0.843875,0.8464780252859723,0.5858333333333333,0.6924402856439301
40000,24000,16000,60,Multinomial Naive Bayes,TF-IDF,5000,neutral,0.791375,0.8443544759334233,0.5865625,0.6922367693158769
40000,12000,28000,30,Logistic Regression,TF-IDF,15000,incel,0.84325,0.8427033492822966,0.5870833333333333,0.6920432220039293
40000,24000,16000,60,Multinomial Naive Bayes,TF-IDF,10000,neutral,0.79475,0.8657276995305164,0.57625,0.6919324577861163
40000,24000,16000,60,Multinomial Naive Bayes,TF-IDF,10000,neutral,0.7945,0.8645735707591378,0.5765625,0.6917885264341957
40000,24000,16000,60,Multinomial Naive Bayes,TF-IDF,5000,neutral,0.791375,0.8455981941309255,0.5853125,0.6917820867959372
40000,24000,16000,60,Multinomial Naive Bayes,TF-IDF,15000,neutral,0.796875,0.8802510864316755,0.5696875,0.6917093530639348
40000,24000,16000,60,Multinomial Naive Bayes,TF-IDF,15000,neutral,0.7975,0.8868756121449559,0.5659375,0.690957649752003
40000,24000,16000,60,Multinomial Naive Bayes,TF-IDF,5000,neutral,0.793,0.8590697674418605,0.5771875,0.6904672897196261
40000,24000,16000,60,Multinomial Naive Bayes,TF-IDF,15000,neutral,0.797875,0.8924144769459593,0.5625,0.6900517538815412
40000,24000,16000,60,Multinomial Naive Bayes,TF-IDF,15000,neutral,0.794,0.8815142576204523,0.5603125,0.6851356515093618
40000,24000,16000,60,Multinomial Naive Bayes,TF-IDF,15000,neutral,0.792875,0.8806117414898865,0.5578125,0.6829921561124929
