mean_fit_time,std_fit_time,mean_score_time,std_score_time,param_classify,params,split0_test_accuracy,split1_test_accuracy,split2_test_accuracy,split3_test_accuracy,split4_test_accuracy,split5_test_accuracy,split6_test_accuracy,split7_test_accuracy,split8_test_accuracy,split9_test_accuracy,split10_test_accuracy,split11_test_accuracy,split12_test_accuracy,split13_test_accuracy,split14_test_accuracy,split15_test_accuracy,split16_test_accuracy,split17_test_accuracy,split18_test_accuracy,split19_test_accuracy,split20_test_accuracy,split21_test_accuracy,split22_test_accuracy,split23_test_accuracy,split24_test_accuracy,split25_test_accuracy,split26_test_accuracy,split27_test_accuracy,split28_test_accuracy,split29_test_accuracy,mean_test_accuracy,std_test_accuracy,rank_test_accuracy,split0_test_f1_macro,split1_test_f1_macro,split2_test_f1_macro,split3_test_f1_macro,split4_test_f1_macro,split5_test_f1_macro,split6_test_f1_macro,split7_test_f1_macro,split8_test_f1_macro,split9_test_f1_macro,split10_test_f1_macro,split11_test_f1_macro,split12_test_f1_macro,split13_test_f1_macro,split14_test_f1_macro,split15_test_f1_macro,split16_test_f1_macro,split17_test_f1_macro,split18_test_f1_macro,split19_test_f1_macro,split20_test_f1_macro,split21_test_f1_macro,split22_test_f1_macro,split23_test_f1_macro,split24_test_f1_macro,split25_test_f1_macro,split26_test_f1_macro,split27_test_f1_macro,split28_test_f1_macro,split29_test_f1_macro,mean_test_f1_macro,std_test_f1_macro,rank_test_f1_macro,Vectorizer,Ratio incels
26.47286414305369,5.865605354884388,2.879752842585246,0.7598508401204289,LogisticRegression(),{'classify': LogisticRegression()},0.8925,0.895,0.899,0.88575,0.90225,0.89875,0.8975,0.89475,0.89925,0.8875,0.895,0.89,0.899,0.88775,0.90525,0.8995,0.89,0.89375,0.894,0.90175,0.894,0.88475,0.89,0.8965,0.89825,0.89175,0.90075,0.89725,0.8995,0.902,0.8954333333333333,0.005174429651876832,2,0.817920054200542,0.8201977824393167,0.8307569854635332,0.8088592083906206,0.8374959412948892,0.8295203238608722,0.8258217919029224,0.8229751920335473,0.830725167292784,0.810272600327849,0.8231113450908134,0.8168424978687128,0.8292993329153139,0.809357510395907,0.8414828008316089,0.8303275564509083,0.8136856368563685,0.8228066406651047,0.8194803674255728,0.8334971352927925,0.8238731620915228,0.8057393078398832,0.8152825169940084,0.8239304840125476,0.8284943563792462,0.8179293542767838,0.8323475304780682,0.8268087972281822,0.8301443857226638,0.834010840108401,0.8237665535377094,0.008786403241266762,2,SentenceTransformer (all-MiniLM-L6-v2),20
28.19022256533305,4.760998565597688,3.1840102354685467,0.6059079508781254,LinearSVC(),{'classify': LinearSVC()},0.895,0.893,0.89825,0.88625,0.90375,0.90175,0.8975,0.8965,0.9015,0.88875,0.89575,0.8925,0.9,0.8875,0.9055,0.90175,0.89275,0.8925,0.8965,0.9015,0.8955,0.8835,0.89075,0.89925,0.902,0.89375,0.90075,0.89725,0.9005,0.9015,0.8964416666666666,0.005385815990997925,1,0.8213787518967874,0.8153414177550953,0.8292275030574885,0.8094934839967722,0.8398214487609097,0.8336775284480727,0.8252496372864423,0.8258253103591027,0.8342395465736389,0.8112613562610493,0.8239015622401875,0.8202473396606269,0.8313534225136435,0.8086200913179866,0.8414801227396764,0.8342155309885658,0.8174514499046248,0.8204376227444564,0.8231567292708931,0.8318847975641217,0.8258170036774282,0.8022470842053983,0.8172242320934382,0.827189020370791,0.8347263540633707,0.8214843575668318,0.8308831806400858,0.8269946990291814,0.8309196906764954,0.8331639566395663,0.8249638077434243,0.009278941231714629,1,SentenceTransformer (all-MiniLM-L6-v2),20
23.22268586953481,3.9702284844539717,2.6183945178985595,0.5924750949667624,GaussianNB(),{'classify': GaussianNB()},0.86025,0.861,0.866,0.85825,0.8725,0.863,0.8595,0.87,0.87275,0.861,0.862,0.86,0.86675,0.8585,0.8645,0.874,0.85775,0.86425,0.86725,0.871,0.858,0.86175,0.86375,0.8635,0.86775,0.86575,0.86375,0.86,0.8685,0.873,0.8645333333333334,0.004827755402070644,3,0.791133427161379,0.7916263786013782,0.803815639407289,0.7911738927589548,0.8093599765849195,0.7970671011701971,0.7931017471857972,0.8057889822595705,0.8114297818133287,0.7926994410341762,0.7961016256093403,0.7933201058201058,0.8025384552190651,0.7880618934161016,0.8024319821066073,0.810292319210274,0.7881243709942264,0.7990035127189967,0.8017657963681142,0.8067843409941844,0.7932921106367585,0.7944329429944522,0.7979219517105768,0.7971213526432189,0.804185742593645,0.8010565674533545,0.7954833530485504,0.7919193360443271,0.8035480859010271,0.8101075845198806,0.7988229932659932,0.0067832012915940544,3,SentenceTransformer (all-MiniLM-L6-v2),20
25.698756488164268,4.7770258113011925,2.8607443968454995,0.6860131659647745,LogisticRegression(),{'classify': LogisticRegression()},0.86525,0.86625,0.8695,0.86775,0.87375,0.86975,0.8615,0.874,0.86625,0.8735,0.87175,0.86675,0.86625,0.86925,0.87475,0.8735,0.86,0.87125,0.8695,0.86675,0.87325,0.8705,0.87125,0.87475,0.8595,0.8675,0.8655,0.861,0.87925,0.869,0.8689583333333334,0.004664620086947657,2,0.8336670150967243,0.8347233945405121,0.8377256724514459,0.8364001729086263,0.8453147404714454,0.8384355725796017,0.8288075487836684,0.8441739130434782,0.8359529626549986,0.8441434914814869,0.841690498598552,0.8362201075769633,0.8332704721460794,0.8389502512553142,0.8459712607275367,0.8438086489262925,0.8270468465235334,0.8418350208743222,0.8379926482181053,0.8352522861643061,0.8429483702060048,0.8404472896984392,0.8407298469715361,0.8446376619239548,0.8271713141284376,0.8366636988768934,0.8338414346958233,0.8283747209545822,0.8516627477326167,0.838426197157041,0.8382095269122776,0.00584941252136837,2,SentenceTransformer (all-MiniLM-L6-v2),30
31.64161925315857,3.652612896968353,3.5695473114649454,0.4227289997692169,LinearSVC(),{'classify': LinearSVC()},0.8675,0.87,0.87075,0.86975,0.8805,0.868,0.8575,0.8755,0.8675,0.87725,0.87075,0.86825,0.8695,0.8725,0.87375,0.8765,0.8605,0.87475,0.8665,0.869,0.87275,0.87225,0.873,0.87675,0.8625,0.869,0.86625,0.8625,0.879,0.87025,0.8703500000000002,0.005263316444980278,1,0.8360465058726285,0.8393139447066923,0.8394124545891735,0.838786922648898,0.8533147941236311,0.8355885928376412,0.823192163132216,0.8458619982041995,0.8372713662696087,0.8488848447888084,0.8401113221054061,0.837718513215202,0.8376362828786528,0.8429114242204709,0.8442429935756404,0.8469336692943054,0.8265343395170629,0.8458071430533463,0.8340864689126513,0.8377264861342857,0.8416361690544785,0.842561302692764,0.8433597483888872,0.8468671955753628,0.8301352956927561,0.8378146326485953,0.8348124948137685,0.8299516908212561,0.8509198614170745,0.8392311718676854,0.8396223931017716,0.006761821902082746,1,SentenceTransformer (all-MiniLM-L6-v2),30
27.017130041122435,6.446117445615614,3.0500510374705,0.7329585989962452,GaussianNB(),{'classify': GaussianNB()},0.843,0.846,0.84825,0.85375,0.852,0.8445,0.84325,0.84775,0.84075,0.8545,0.848,0.8515,0.85425,0.84475,0.84525,0.85025,0.837,0.84775,0.8515,0.84175,0.84925,0.8475,0.84975,0.85175,0.83875,0.84775,0.8465,0.83525,0.85575,0.8525,0.8473499999999999,0.005137119815616529,3,0.8109954310854129,0.8165792688718643,0.8172703730928066,0.823365818674143,0.8227030536703612,0.8130784950114196,0.8118074327809992,0.8180973022620228,0.8102810260699037,0.8256979345205241,0.817822475193294,0.8222769553349676,0.8221666251442513,0.815134542088484,0.8136579257733891,0.8194095672680897,0.8038694275754772,0.8203974127495277,0.8223631089446455,0.8103778580651306,0.8190109760238318,0.8173122681400682,0.8202261844750055,0.8220997020170009,0.8077145374740891,0.8166682985395703,0.8173488271504126,0.8017146865403313,0.8268148145369003,0.8219897562647538,0.8169417361779558,0.006021391954793452,3,SentenceTransformer (all-MiniLM-L6-v2),30
17.172306593259176,0.21049471878082893,1.8935517152150472,0.060151603725748265,LogisticRegression(),{'classify': LogisticRegression()},0.8545,0.85175,0.85375,0.85925,0.853,0.854,0.84775,0.8495,0.8475,0.85175,0.86325,0.85925,0.85175,0.85375,0.84975,0.84325,0.85225,0.85075,0.85725,0.853,0.8485,0.84475,0.85025,0.8595,0.853,0.85825,0.8585,0.85325,0.849,0.85175,0.8527916666666666,0.004486592681410781,2,0.8462983249158338,0.8441194011214597,0.845373485477894,0.8520398170576147,0.8456654025928212,0.8458077259306256,0.8400247869640428,0.842241491588353,0.8386659952350928,0.8439368444253642,0.8562780386734252,0.8517269888286294,0.843714492733284,0.8462580692339335,0.8418686442821339,0.8348717975054185,0.8444997816484878,0.8424709733967909,0.8500758974358975,0.8444460493661573,0.8403454860452471,0.8363741459293623,0.8420575133458434,0.85214744004605,0.8451979373414957,0.8509192425987615,0.851742069968837,0.8451096505593236,0.8408723986325564,0.8439735541752171,0.8449707815685318,0.004837614758187922,2,SentenceTransformer (all-MiniLM-L6-v2),40
18.947332771619163,0.1366368210579777,2.056274326642354,0.09058863756427266,LinearSVC(),{'classify': LinearSVC()},0.8565,0.85375,0.854,0.85875,0.855,0.856,0.85375,0.85225,0.85,0.85125,0.86425,0.8575,0.852,0.85375,0.85425,0.846,0.85375,0.85125,0.856,0.85325,0.84525,0.84625,0.851,0.85925,0.8525,0.85875,0.86075,0.8535,0.848,0.8555,0.8537999999999999,0.004238907091849671,1,0.8483740227190659,0.8461865201415794,0.8456567845603927,0.8514451006495596,0.8473760924121971,0.8477336099506085,0.8465054304607612,0.8451762479144802,0.841192496133699,0.8430366473155475,0.8574276923076922,0.8497940993324797,0.8437335022700876,0.8459695260581055,0.8462393690381079,0.8373588342007969,0.8460059369317973,0.8429225280048342,0.848849643445231,0.8448066166844388,0.8367053524173511,0.8378775829445635,0.8428296568834281,0.8520054347915376,0.8445977570978658,0.8508060861346636,0.853751794871795,0.8453922130442537,0.8393926930543416,0.8478306254819465,0.8458993299084404,0.004646650138429153,1,SentenceTransformer (all-MiniLM-L6-v2),40
16.760788202285767,0.1297312285932799,1.8998142639795939,0.053794365552766656,GaussianNB(),{'classify': GaussianNB()},0.83075,0.832,0.83525,0.8285,0.83625,0.83775,0.822,0.83375,0.83,0.83275,0.84025,0.84225,0.82925,0.82325,0.83525,0.82225,0.83,0.83525,0.83775,0.8255,0.82425,0.82375,0.83325,0.84075,0.82425,0.83625,0.83625,0.835,0.828,0.839,0.832025,0.005808883283385893,3,0.8204282018172162,0.8226164079822617,0.8250238584217324,0.8184752983514594,0.8271247701897648,0.8276790350769414,0.8121034412779711,0.8242279792184608,0.8188111828672118,0.8218598352443127,0.8307642404840143,0.8330497803354469,0.8191110739445724,0.8133095626499243,0.8252470424089496,0.8110220524108144,0.8198830087166029,0.8255981549925605,0.8278988323572205,0.814597153880378,0.8132449820049055,0.8122243168311136,0.8239575904069819,0.8315458216190575,0.8140461423468845,0.8265267253787627,0.8265267253787627,0.8254418964838708,0.816630934574557,0.8298830498799276,0.8219619699177547,0.006301002700621647,3,SentenceTransformer (all-MiniLM-L6-v2),40
20.188570936520893,4.80607630219017,2.2251393953959147,0.5126428064317659,LogisticRegression(),{'classify': LogisticRegression()},0.85075,0.848,0.8475,0.83725,0.83975,0.84,0.8455,0.84025,0.84125,0.84725,0.843,0.8465,0.84325,0.8445,0.85,0.84725,0.84325,0.846,0.83375,0.8435,0.86275,0.8405,0.84,0.8425,0.8465,0.83975,0.83825,0.8405,0.84425,0.8435,0.8438999999999998,0.005177113095152543,2,0.850732750303457,0.8479954018609063,0.8474532825677864,0.8372491760739539,0.839733161965329,0.8399749960931395,0.8454813032376918,0.840152083160441,0.8412416552645048,0.8472497613277521,0.842984298429843,0.8464975439607034,0.8432483443106368,0.8444828542346794,0.849978396889152,0.8472270745128692,0.8432318834845351,0.8459472754550245,0.8337412610250327,0.8434755430536021,0.8627294008307121,0.8404993619974479,0.8399708346846213,0.8424668786612385,0.8464740541151454,0.839737729919947,0.838241497568716,0.8404393270541124,0.8442366725002908,0.8434623918396396,0.8438778732127636,0.005177334700961261,2,SentenceTransformer (all-MiniLM-L6-v2),50
20.194410467147826,0.20357073283925176,2.1888229767481486,0.05063647303927215,LinearSVC(),{'classify': LinearSVC()},0.85175,0.84775,0.84975,0.84225,0.84325,0.84225,0.8445,0.843,0.84525,0.84925,0.84575,0.84625,0.84625,0.847,0.851,0.84875,0.8465,0.8465,0.83275,0.84325,0.866,0.84375,0.841,0.8455,0.84825,0.83775,0.8425,0.84,0.849,0.84525,0.8457333333333333,0.005430597470710643,1,0.8517258961909995,0.8477307284203157,0.8496999406864949,0.842248807006603,0.8432335297227165,0.8422179603845805,0.8444887643132216,0.8428854635028936,0.8452337398697951,0.8492499152030772,0.8457368008550232,0.8462419180908196,0.8462465309373542,0.846986190503693,0.850980292143636,0.848714816739568,0.8464875654928049,0.8464222512647028,0.8327356884473428,0.8432085972702166,0.865977350172179,0.8437499121093255,0.8409642169488135,0.8454758556024379,0.8482233537125361,0.8377426071475381,0.8424922821218239,0.8399359743897559,0.8489863710199845,0.845203938496949,0.84570757529224,0.005431696206126559,1,SentenceTransformer (all-MiniLM-L6-v2),50
18.22377541859945,0.10576932442809803,2.0536478837331136,0.053584210324367484,GaussianNB(),{'classify': GaussianNB()},0.82375,0.81925,0.8175,0.81825,0.81625,0.816,0.81425,0.81475,0.813,0.82625,0.8145,0.827,0.8295,0.82075,0.816,0.816,0.815,0.8155,0.8085,0.8155,0.83225,0.81925,0.8135,0.81725,0.824,0.815,0.821,0.80875,0.8165,0.8125,0.8179166666666668,0.005506940065852268,3,0.822925174395156,0.818404115018011,0.8165883984875829,0.817576755615145,0.8152723171932652,0.814986868089659,0.8133678715805173,0.8134727429493924,0.8120390968729889,0.8255740886920623,0.8137250496377555,0.8263749498193497,0.8287765810549572,0.8198987401389379,0.8150277395560415,0.8147848030930938,0.8140359624292332,0.8141889169983403,0.8076874796013156,0.8146044933540233,0.8312818849107355,0.8186239692940164,0.8124308087173913,0.8163043231747237,0.8230700117492571,0.8139813619379723,0.8202867179836772,0.8077603382061062,0.8156849126047665,0.811522934894493,0.8170086469349989,0.005579299555339953,3,SentenceTransformer (all-MiniLM-L6-v2),50
17.804964184761047,0.27657253204598653,1.9825473388036092,0.05932807487541851,LogisticRegression(),{'classify': LogisticRegression()},0.84575,0.83825,0.8565,0.85125,0.84725,0.84375,0.85175,0.852,0.855,0.83575,0.84625,0.851,0.83675,0.848,0.85525,0.84675,0.8435,0.8595,0.8525,0.839,0.84175,0.843,0.848,0.847,0.8455,0.8505,0.85025,0.856,0.85175,0.8485,0.8479333333333334,0.0058821528560742305,2,0.8386514609397611,0.831027160947478,0.8496801381895204,0.8449385230107649,0.8404977826646542,0.8370859923343095,0.8451633960262739,0.844931635020409,0.848574090086929,0.8287808565009622,0.8402853671985488,0.8443968236065683,0.8299656175115624,0.8407405981290688,0.8487862846809733,0.8398373709186862,0.8365644489558922,0.8529857623773824,0.8457964235747473,0.8317195130109037,0.8347901100348761,0.8360775123666204,0.8414334003329377,0.840046459708043,0.838407672340963,0.8437395477958392,0.8444092698567311,0.8489869145588412,0.8452960509860388,0.842055221247795,0.8411883801638027,0.0060310862022498754,2,SentenceTransformer (all-MiniLM-L6-v2),60
19.466700784365337,0.13105116858957966,2.149383854866028,0.09387755388889932,LinearSVC(),{'classify': LinearSVC()},0.845,0.83625,0.85575,0.8525,0.84725,0.84575,0.8525,0.8535,0.8565,0.835,0.84675,0.851,0.83925,0.8475,0.856,0.847,0.84475,0.8595,0.854,0.83775,0.84325,0.84575,0.84775,0.84825,0.84375,0.851,0.8465,0.85575,0.85325,0.84875,0.84825,0.0060673305497558,1,0.8377418268333668,0.8290115346077718,0.8490785059216742,0.846257717406571,0.840359924357777,0.8396039334990629,0.8458299886280018,0.8464688892521934,0.8502687857894122,0.8279446555308625,0.8407406572669447,0.8442621580038798,0.832604296407286,0.8402167185176512,0.8494554914899228,0.8400115442650413,0.8381286419833699,0.8529533354474562,0.8473645955383939,0.8306865718211452,0.8360723349776864,0.8388272159184378,0.8412900176698417,0.8414050312359584,0.8365952302409155,0.8441259545977613,0.840529048776554,0.8490452603253074,0.8466969760064444,0.8422659371531439,0.8415280926489945,0.006219706013076236,1,SentenceTransformer (all-MiniLM-L6-v2),60
17.32702110608419,0.12042975360611773,1.987593936920166,0.07671683517606899,GaussianNB(),{'classify': GaussianNB()},0.8075,0.79975,0.82,0.804,0.808,0.79875,0.80475,0.8125,0.8065,0.7935,0.7925,0.80275,0.798,0.81225,0.8115,0.8125,0.80125,0.81575,0.8135,0.793,0.796,0.793,0.80425,0.8095,0.80975,0.8015,0.805,0.82025,0.8075,0.8095,0.8054833333333334,0.007612745161168133,3,0.8053540281604692,0.7978181396883559,0.8179545371797516,0.8024877971972917,0.8061952416389524,0.7970788300220737,0.8030557749953837,0.810449825310559,0.8046236051034132,0.7915589447835607,0.791025475756941,0.8010009852216748,0.7965645595320582,0.8100446060034884,0.809537810912473,0.810449825310559,0.7996899729902716,0.8137646261574405,0.8115586298948341,0.7908237300878338,0.7939808058784144,0.7914576205616741,0.8026245017481785,0.8074372193530144,0.8078379758495768,0.7996341430486044,0.8033171322124932,0.8182171105862555,0.8055946329980135,0.807516991930112,0.8036218360037904,0.00750987854328978,3,SentenceTransformer (all-MiniLM-L6-v2),60
18.859896874427797,0.31989002945848877,2.07265678246816,0.06269214232543059,LogisticRegression(),{'classify': LogisticRegression()},0.86025,0.8605,0.856,0.85675,0.86075,0.85875,0.85875,0.85725,0.85925,0.85325,0.85225,0.87,0.85475,0.853,0.853,0.8655,0.84975,0.859,0.86175,0.8605,0.85525,0.861,0.852,0.86625,0.84925,0.8655,0.8655,0.86925,0.8585,0.84875,0.8584083333333334,0.005628973904915739,1,0.8319696397093916,0.831979534023241,0.8234276554595341,0.8264656403860791,0.8311401638955994,0.8281895488918948,0.8282775900355412,0.8260071341645734,0.8287977274798881,0.8185611481772002,0.8205588952804029,0.8417516870943935,0.822407673577968,0.8230339386595904,0.8205018073453225,0.8369415817454585,0.8170544101035888,0.82836144523315,0.8315789601919512,0.8320628193402235,0.8234781795478434,0.8310562388257071,0.8209376515186574,0.8384627572490027,0.8162562204925354,0.8369415817454585,0.8366091974444221,0.8405511017331988,0.828455270014739,0.8153601861169324,0.8279059128494496,0.0071710695629653804,2,SentenceTransformer (all-MiniLM-L6-v2),70
20.346737670898438,0.16338769861828936,2.225959531466166,0.09518638272074158,LinearSVC(),{'classify': LinearSVC()},0.86175,0.8585,0.854,0.85625,0.86175,0.86025,0.8585,0.85475,0.86075,0.8515,0.85525,0.86925,0.85775,0.8535,0.85625,0.866,0.84825,0.8585,0.85875,0.8605,0.8545,0.86075,0.8485,0.8675,0.85,0.86275,0.86575,0.868,0.8605,0.851,0.858375,0.0055818716992301716,2,0.8339368138585584,0.8295706384536817,0.8212571741983508,0.8263852063891151,0.8321821651975398,0.8313006800559303,0.8280176819700544,0.8231424497008071,0.8300092953175724,0.8162483480912102,0.8240225214700502,0.8408796223157659,0.8261663220161957,0.8232848452279822,0.8239656393173815,0.8369663079925442,0.8157948901897047,0.8283681388192456,0.8274781635829151,0.8318960647712295,0.8230654010471974,0.8305352765389706,0.8176166102512106,0.84025193174598,0.8167433086873446,0.8333110550066687,0.8364519016692185,0.8395641980215349,0.8306216610004857,0.8185297008419491,0.8279188004582131,0.007055915705337529,1,SentenceTransformer (all-MiniLM-L6-v2),70
18.338338748613992,0.12026302678673444,2.0698306798934936,0.056463588280137554,GaussianNB(),{'classify': GaussianNB()},0.7925,0.78725,0.79275,0.783,0.7995,0.79025,0.79,0.79075,0.803,0.79225,0.78425,0.7965,0.79175,0.78775,0.7955,0.789,0.79025,0.7845,0.79475,0.8015,0.7845,0.80225,0.78125,0.796,0.785,0.79725,0.78775,0.808,0.79,0.78925,0.7919416666666665,0.006382490153189087,3,0.7777030240959208,0.7714730568815242,0.7768732937047922,0.7677176195551793,0.783289572418437,0.774759038817085,0.7743313154791793,0.7747846984096018,0.7873853688755923,0.775085890597961,0.7687044992938183,0.7807527882642947,0.7757966871605451,0.7723298891636736,0.7790965372437026,0.7718731484965251,0.774759038817085,0.7688114899080315,0.7790265067932864,0.7862013719194082,0.7688114899080315,0.7857837164345122,0.7656831450999091,0.7813921302774312,0.7690235928970994,0.7815292695218313,0.7721385116041952,0.7912198713011869,0.7742673362685746,0.7732351734841709,0.7761279690897528,0.006280668315888419,3,SentenceTransformer (all-MiniLM-L6-v2),70
18.177220424016316,0.36801224012852085,2.014827919006348,0.06405391165797915,LogisticRegression(),{'classify': LogisticRegression()},0.89475,0.89375,0.88925,0.8925,0.88875,0.87975,0.887,0.89175,0.88975,0.88725,0.8905,0.88375,0.889,0.887,0.888,0.89125,0.8875,0.89825,0.8935,0.889,0.899,0.888,0.88675,0.8945,0.88925,0.8855,0.88625,0.8905,0.88925,0.88325,0.8894833333333334,0.0040875488444244365,2,0.8237291357420684,0.8244677682036992,0.8181631419356739,0.8219401975801259,0.8128835165200202,0.7975290759927889,0.8098382615514842,0.8206043747466891,0.8147637686752301,0.80724582600132,0.8165137614678899,0.8057192695671248,0.8140002513510117,0.8132193585737892,0.8163933673743309,0.8151003702136898,0.8100681602062407,0.8319020744915425,0.8217303952605394,0.8141978767504212,0.832531918421489,0.8094706686899067,0.8150061271563349,0.8213075880758808,0.8143203638063445,0.8071071334561727,0.811094973455211,0.8186274570699887,0.8147147249825929,0.8065178822325723,0.8153569596517393,0.007392667235353222,2,SentenceTransformer (all-MiniLM-L6-v2),80
19.493249448140464,0.1553879959942188,2.164265735944112,0.04809608234153798,LinearSVC(),{'classify': LinearSVC()},0.89825,0.89475,0.8895,0.896,0.8885,0.882,0.8875,0.8925,0.89275,0.8875,0.89275,0.88275,0.89,0.88675,0.8935,0.89175,0.88925,0.89575,0.88925,0.889,0.899,0.88825,0.88725,0.8975,0.89025,0.891,0.88425,0.8945,0.89075,0.884,0.8905583333333333,0.004359225530093878,1,0.8286784489169752,0.8257578524593234,0.8175411481863095,0.8262838396783578,0.8117564432266295,0.8005675374654162,0.810272600327849,0.8200565022582909,0.8201883432797332,0.8077790535553186,0.8182449644799185,0.8034226876414798,0.815479507950946,0.8121220472600147,0.8241459935008322,0.8153453356732874,0.8116999172521024,0.8261420450761144,0.8149110460607232,0.8143949274635311,0.8327066042380717,0.8085333105457989,0.8139223810838692,0.8258217919029224,0.8165822781504684,0.8147763445601809,0.8075719202545619,0.8241501807461116,0.8164439158981305,0.8064444003197004,0.8163914456470991,0.007717798364953172,1,SentenceTransformer (all-MiniLM-L6-v2),80
17.61891569296519,0.13112359537244894,2.0228729089101156,0.06685503649323404,GaussianNB(),{'classify': GaussianNB()},0.802,0.78175,0.78875,0.7805,0.76775,0.79175,0.7865,0.78,0.78975,0.791,0.78125,0.7885,0.78575,0.7925,0.776,0.79625,0.78225,0.78625,0.79375,0.782,0.78925,0.7855,0.781,0.792,0.791,0.78775,0.7835,0.79075,0.77825,0.7875,0.7863583333333334,0.00660008943542097,3,0.7536550498848524,0.7328739254429095,0.7397953390262726,0.7307078886026255,0.7170648354761713,0.7404005669115591,0.7363885102431893,0.7261323571196718,0.7421241898931847,0.73953781671002,0.7321216250481895,0.738293101826875,0.7358175118618169,0.7431033303403323,0.727605840787438,0.746010158502906,0.7312133026887697,0.7355806197294432,0.7431781701444622,0.731121457864389,0.7392917689262231,0.7350110612806995,0.731885761297526,0.7407840472520772,0.7419447243130051,0.7365773721358897,0.734807387788462,0.7398730552538999,0.7284478644774217,0.7373401019244009,0.7362896247584892,0.006805001276887207,3,SentenceTransformer (all-MiniLM-L6-v2),80
17.95526229540507,0.09725568889511065,2.0092914581298826,0.07904136531575416,LogisticRegression(),{'classify': LogisticRegression()},0.92975,0.9345,0.92975,0.93,0.9345,0.932,0.93025,0.927,0.9295,0.923,0.9305,0.93075,0.93075,0.9225,0.93025,0.92825,0.9325,0.93025,0.9345,0.93125,0.92575,0.9305,0.93,0.9315,0.933,0.92725,0.93225,0.932,0.9285,0.92575,0.9299416666666666,0.0029337712741263435,2,0.7637360477623134,0.7883266168776399,0.7610381150584469,0.7668747309692766,0.7830693043893691,0.7709803472510485,0.7647542409055696,0.7484439275484052,0.767794018472727,0.7484572589681521,0.7698216283215442,0.7664405904331284,0.7765079610970554,0.7440343489389811,0.7667321112687829,0.7652884998929691,0.768738795608778,0.7613740237663775,0.7775135869565217,0.7707182625613563,0.7516825700603174,0.7704566096936669,0.7615476917390753,0.7731335473385005,0.7793219750024497,0.7639458040656888,0.7701987166319102,0.773535452941583,0.7571331521739131,0.749577095157542,0.766039234395103,0.010260467126686008,1,SentenceTransformer (all-MiniLM-L6-v2),90
19.008129636446636,0.12749591486907783,2.1254309177398683,0.055014645329778615,LinearSVC(),{'classify': LinearSVC()},0.92975,0.931,0.93275,0.92825,0.93325,0.935,0.93375,0.92725,0.9315,0.9265,0.93075,0.9335,0.93,0.925,0.93225,0.92675,0.93,0.9315,0.936,0.9315,0.93125,0.9295,0.93075,0.933,0.9315,0.9275,0.934,0.935,0.93125,0.9285,0.9309499999999998,0.0026765960970356953,1,0.7644000512283162,0.7689167974882261,0.7658768055065079,0.7566311131858238,0.7755072055250452,0.7804639977843751,0.7759246227342227,0.7467291836520216,0.7699458617122745,0.7545344336424753,0.7696932534465467,0.7747593269537723,0.771945185396347,0.7474047947621858,0.7688813194915134,0.7570657690537028,0.7566605484175983,0.7639508087269281,0.7768633436156331,0.7646339284487143,0.7647951847159635,0.7612110157930969,0.7630846042411705,0.7730657880586879,0.7632633030471642,0.7638003705890737,0.7764528658488568,0.7792119565217391,0.7578039422912848,0.7598704979916442,0.7657782626623638,0.008695766727055059,2,SentenceTransformer (all-MiniLM-L6-v2),90
17.573617084821066,0.11061481359754677,2.006838806470235,0.054760887447431926,GaussianNB(),{'classify': GaussianNB()},0.79225,0.787,0.78125,0.77475,0.78825,0.77475,0.7875,0.77875,0.77775,0.774,0.79275,0.782,0.778,0.78975,0.795,0.76325,0.78375,0.78075,0.7815,0.77025,0.7725,0.78225,0.78875,0.781,0.78475,0.7735,0.78375,0.78125,0.7815,0.78725,0.7816583333333333,0.007065020445043935,3,0.664044210326517,0.6617585932968651,0.651447156550717,0.6441924437097933,0.6585976606684452,0.6475509337308718,0.6582365003417635,0.646776209280107,0.6502676347578502,0.6452084498474279,0.6658529642197653,0.6541527058584629,0.6460965606404377,0.6596612941915494,0.6663188787012154,0.6373228490147638,0.6527203090668805,0.6533382743499475,0.6509962380269547,0.6425209121862734,0.642176182224335,0.6523639302632465,0.6594038055074807,0.6535674837491117,0.6573570388405297,0.6430708669792882,0.6540829854917806,0.6551193735312396,0.6506548821979483,0.6583410208276478,0.6527732782793071,0.007267235592905527,3,SentenceTransformer (all-MiniLM-L6-v2),90
31.044062622388203,0.265156836844969,3.4575513124465944,0.1054646599681529,LogisticRegression(),{'classify': LogisticRegression()},0.93275,0.93225,0.92325,0.93625,0.93,0.937,0.93675,0.93325,0.9375,0.932,0.931,0.933,0.934,0.93225,0.93725,0.93375,0.93825,0.93425,0.931,0.929,0.9285,0.9325,0.93575,0.92725,0.9365,0.9325,0.9315,0.9285,0.93825,0.9405,0.9332166666666668,0.0037348211321144,2,0.7788024950914094,0.7734207962503232,0.7461613624106733,0.7920251429368375,0.7681656688130662,0.793630554470478,0.7908105038758968,0.78164470199102,0.7941436333978076,0.7837260190321103,0.7733573333683699,0.7852080476453432,0.781413344880891,0.7765445584374115,0.7815430415692695,0.7873296204295179,0.8007128750576632,0.7813333056189233,0.7727345712711795,0.773588094560454,0.7651456425483832,0.7853162688921683,0.7898228030400455,0.7566990837964725,0.7975048451350539,0.7818633074693235,0.7692963792161297,0.7585103975628127,0.7952056141852033,0.8066775836972344,0.7807445865550491,0.0133673454855118,2,SentenceTransformer (all-MiniLM-L6-v2),10
32.369411714871724,0.1649896717684297,3.618712043762207,0.1046075117921307,LinearSVC(),{'classify': LinearSVC()},0.93225,0.9365,0.93075,0.93675,0.93,0.9385,0.937,0.9335,0.93575,0.93325,0.9315,0.9335,0.93525,0.93475,0.9395,0.932,0.9405,0.9355,0.933,0.93175,0.928,0.933,0.9365,0.9305,0.93675,0.93575,0.933,0.931,0.938,0.943,0.9345666666666668,0.0033341249060118,1,0.772144017592836,0.7818139336714358,0.768404282514168,0.7884703374587888,0.7668747309692766,0.7963169804571939,0.7866140992193632,0.7785309944208127,0.7880883819867703,0.7810477113027969,0.7673233695652174,0.7850949621734817,0.7822335813894633,0.779306892579744,0.7909113844431157,0.7772520270475002,0.8050955236665627,0.78153348253411,0.7762422728441611,0.7755133128622854,0.760879961740794,0.7834791348214025,0.7855302132201203,0.7639266304347827,0.7974991950993204,0.7880883819867703,0.7684473183089051,0.7615352979599173,0.7911879636700736,0.8122589936588005,0.7813881789866657,0.01214900401328,1,SentenceTransformer (all-MiniLM-L6-v2),10
30.543827788035077,0.2751199709730114,3.5163889090220133,0.1059643696403166,GaussianNB(),{'classify': GaussianNB()},0.88075,0.88475,0.877,0.8895,0.88075,0.88075,0.89225,0.88175,0.88125,0.88475,0.88125,0.8795,0.88875,0.88525,0.89225,0.87275,0.889,0.889,0.8805,0.87425,0.877,0.881,0.8795,0.879,0.89,0.8835,0.8785,0.88025,0.8895,0.893,0.8832416666666667,0.0053988746255328,3,0.7387517784527451,0.7403442635162146,0.7285605599597034,0.7541362952678468,0.7395923965893155,0.7340084055016765,0.7560105402314419,0.7405233063419971,0.7427487298218535,0.7479218245976078,0.7342425037153597,0.7357999314833847,0.7554874858357885,0.7461451322568651,0.7564225537456319,0.7265049114264126,0.753430728195696,0.7538360548125052,0.734549297471943,0.7249559170772164,0.7267745907033389,0.7403470185728249,0.7336427939876216,0.7289815080275229,0.7599846390168972,0.7470194713575553,0.7323075092700918,0.7302058616578455,0.7504165840839188,0.7661548481071929,0.7419935813695339,0.011131649653663,3,SentenceTransformer (all-MiniLM-L6-v2),10
