mean_fit_time,std_fit_time,mean_score_time,std_score_time,param_classify,params,split0_test_accuracy,split1_test_accuracy,split2_test_accuracy,split3_test_accuracy,split4_test_accuracy,mean_test_accuracy,std_test_accuracy,rank_test_accuracy,split0_test_precision,split1_test_precision,split2_test_precision,split3_test_precision,split4_test_precision,mean_test_precision,std_test_precision,rank_test_precision,split0_test_recall,split1_test_recall,split2_test_recall,split3_test_recall,split4_test_recall,mean_test_recall,std_test_recall,rank_test_recall,split0_test_f1_macro,split1_test_f1_macro,split2_test_f1_macro,split3_test_f1_macro,split4_test_f1_macro,mean_test_f1_macro,std_test_f1_macro,rank_test_f1_macro,ratio incels
16.86325478553772,0.5912914066867012,4.275602722167969,0.5723779841069941,GaussianNB(),{'classify': GaussianNB()},0.799625,0.74775,0.64825,0.7995,0.86725,0.772475,0.072791414328889,3,0.9787852865697176,0.9848428143712576,0.9796587926509186,0.9782905982905984,0.9802816901408452,0.9803718364046674,0.0023390123636957,1,0.7945833333333333,0.7309722222222222,0.6220833333333333,0.7948611111111111,0.87,0.7625,0.0828778291698161,3,0.667323640217158,0.6276071192365835,0.5476976460025248,0.6666796545230209,0.7405952021104119,0.6499806524179398,0.0628538318664373,3,train_dataset_90p
26.396536111831665,0.6856635815905614,6.579651832580566,0.2722456376885342,GaussianNB(),{'classify': GaussianNB()},0.884,0.89625,0.87175,0.8815,0.87275,0.88125,0.0088896006659466,3,0.4510703363914373,0.4859550561797753,0.4,0.4432515337423313,0.4310126582278481,0.4422579169082784,0.0279294589145204,3,0.7375,0.64875,0.565,0.7225,0.85125,0.705,0.0954102981863069,1,0.7464856297236857,0.7484712811781968,0.6977363368207077,0.7406042934914663,0.748762941299868,0.7364120965027848,0.0195593061040907,3,train_dataset_10p
17.04284796714783,0.6159817123946584,4.284051895141602,0.6155164440789049,GaussianNB(),{'classify': GaussianNB()},0.8085,0.76075,0.65925,0.799375,0.85775,0.7771250000000001,0.0665469758892167,3,0.9636190476190476,0.9670970428987922,0.9569651741293532,0.956927768248523,0.957088255733148,0.9603394577257728,0.0042430271390546,1,0.79046875,0.725625,0.60109375,0.78453125,0.86078125,0.7525000000000001,0.0869926137309944,3,0.7581569730156381,0.7151107194503691,0.6249286249905407,0.746742520043288,0.8051689466008829,0.7300215568201438,0.0599752946438301,3,train_dataset_80p
27.834569644927974,0.6445591968731066,7.058128738403321,0.7422656775177108,GaussianNB(),{'classify': GaussianNB()},0.872125,0.870625,0.831625,0.869,0.861,0.8608749999999998,0.0151209705376341,3,0.6567083107007061,0.677561282212445,0.5829508196721311,0.6445026178010471,0.6121323529411765,0.6347710766655013,0.0334807337657438,3,0.755625,0.67375,0.555625,0.769375,0.8325,0.717375,0.0953803242288471,1,0.8106235864019127,0.7974238528373345,0.7321693203883495,0.8087586878619705,0.8072699440944183,0.7912490783167971,0.0298903722542648,3,train_dataset_20p
17.014565801620485,0.4770905942381399,4.273166179656982,0.5742515653106287,GaussianNB(),{'classify': GaussianNB()},0.810625,0.7735,0.688,0.794625,0.849,0.78315,0.0536086163783398,3,0.9393417939341794,0.946277097078228,0.9226579520697168,0.9274141283214518,0.9282371294851794,0.9327856201777512,0.0086846383566591,1,0.7798214285714286,0.7171428571428572,0.605,0.7666071428571428,0.85,0.7437142857142857,0.0813291529677334,3,0.7943741270125568,0.7607907528992239,0.679907747771409,0.7773394397393435,0.8291312057339494,0.7683086546312965,0.0496620294246306,3,train_dataset_70p
14.768482637405397,0.3394077976387737,3.706035041809082,0.2048335652046847,GaussianNB(),{'classify': GaussianNB()},0.854125,0.85,0.799875,0.854,0.860875,0.8437749999999999,0.0222263076105771,3,0.7604562737642585,0.7862595419847328,0.7077483099323973,0.7504065040650406,0.7322266329844821,0.7474194525461823,0.0264274669779782,3,0.75,0.6866666666666666,0.5670833333333334,0.7691666666666667,0.8454166666666667,0.7236666666666667,0.0932460157027872,1,0.8256508107321339,0.8143922707992022,0.7462740991319059,0.827411692562301,0.8409907973423962,0.8109439341135879,0.033419670436868,3,train_dataset_30p
16.732710599899292,0.6114883084525531,4.24692850112915,0.5664655152984175,GaussianNB(),{'classify': GaussianNB()},0.82025,0.79125,0.70925,0.81425,0.85625,0.79825,0.0491406145667715,3,0.9173286991062564,0.9280634573304156,0.8887492143306097,0.9057296767874632,0.8948507139766335,0.9069443523062756,0.0143711226151657,1,0.7697916666666667,0.706875,0.5891666666666666,0.770625,0.8616666666666667,0.739625,0.0899727389268549,3,0.8183036229853246,0.7905695605020713,0.7092485280706733,0.8119539102324154,0.851560029866122,0.7963271303313213,0.0477360833175008,3,train_dataset_60p
14.916294860839844,0.3577753473613936,3.767128372192383,0.2598717009909657,GaussianNB(),{'classify': GaussianNB()},0.84,0.82575,0.777375,0.837375,0.85125,0.82635,0.0257945488427302,3,0.8308063404548587,0.838963963963964,0.7947652679684254,0.8159733777038269,0.7998210023866349,0.816065990495542,0.0170834662867265,3,0.7534375,0.6984375,0.5978125,0.76625,0.8378125,0.73075,0.0799422643224471,3,0.8304568281161389,0.8123743554238079,0.7554979959947867,0.8287537549581078,0.8462117429094567,0.8146589354804595,0.0314612557643524,3,train_dataset_40p
15.402308130264284,0.4754781907442832,3.839938354492188,0.3592346103026985,GaussianNB(),{'classify': GaussianNB()},0.8315,0.8085,0.733375,0.8275,0.8565,0.8114750000000001,0.0419368871043142,3,0.8779931584948689,0.8907536415452818,0.836881992060628,0.8640911617565314,0.8590130916414904,0.8657466090997602,0.0182020686950741,1,0.77,0.70325,0.57975,0.77725,0.853,0.73665,0.0916854132346034,3,0.8308602712609768,0.806354884126087,0.7269303820819091,0.8270633240847718,0.8564982421034657,0.8095414207314422,0.0442745779893611,3,train_dataset_50p
26.92316551208496,0.4977285856008578,6.385364055633545,0.2000887785280256,LinearSVC(),{'classify': LinearSVC()},0.92875,0.9305,0.921125,0.9385,0.940875,0.93195,0.0071004401272034,1,0.724609375,0.7904761904761904,0.6951501154734411,0.808,0.7766497461928934,0.758977085428505,0.0423385978136371,1,0.46375,0.415,0.37625,0.505,0.57375,0.4667499999999999,0.0689773513553543,3,0.7633707954726606,0.7533219459171676,0.7227548262381801,0.7940345368916797,0.813789781950492,0.769454377294036,0.0317739696312014,2,train_dataset_10p
18.223608827590944,0.5886103459951605,4.380540561676026,0.6392287914435348,LinearSVC(),{'classify': LinearSVC()},0.92575,0.93375,0.9225,0.928375,0.9325,0.928575,0.004174026832688,1,0.9427613941018766,0.9451414842498664,0.944234404536862,0.938932308915088,0.9386195995785036,0.9419378382764394,0.0026929434865069,3,0.9768055555555556,0.9834722222222222,0.97125,0.9844444444444445,0.9897222222222222,0.9811388888888888,0.006428260329529,1,0.7580990002239825,0.779363584667351,0.7563942099618659,0.751558167663442,0.7582369564360905,0.7607303837905464,0.0096256894456088,2,train_dataset_90p
17.454706716537476,0.6088445708576581,4.311275386810303,0.5984558986986707,LogisticRegression(),{'classify': LogisticRegression()},0.8835,0.892,0.872125,0.88275,0.8895,0.8839750000000001,0.0068858550667291,2,0.912866203563878,0.919648271679806,0.9181832322289624,0.9085876720526632,0.8999419953596288,0.9118454749769876,0.007133004936395,3,0.94453125,0.9478125,0.92234375,0.94890625,0.9696875,0.94665625,0.0150495924986359,2,0.807733546751847,0.8229507471109618,0.7988238125055631,0.8033179300658948,0.8032953809127095,0.8072242834693952,0.0083527814814889,2,train_dataset_80p
17.260929441452028,0.689364711216509,4.221766519546509,0.5441121421796756,LogisticRegression(),{'classify': LogisticRegression()},0.85575,0.86125,0.823375,0.8465,0.869375,0.85125,0.0158009097839333,2,0.8893169877408056,0.89510735656459,0.8843400036717459,0.8776779543883898,0.8767576509511993,0.8846399906633462,0.0069588974873856,3,0.9067857142857144,0.9082142857142858,0.8601785714285715,0.9071428571428573,0.9464285714285714,0.90575,0.027351733892731,2,0.825955482157232,0.8331720036470704,0.7934051615921993,0.8129526340625439,0.8351539196050004,0.8201278402128092,0.0154627281434535,2,train_dataset_70p
21.76367235183716,4.522830257940281,5.482381010055542,1.3181773316059169,LinearSVC(),{'classify': LinearSVC()},0.84,0.855625,0.806625,0.844125,0.86625,0.842525,0.0201605121462724,2,0.8691275167785235,0.8842504743833017,0.8649315683194975,0.8638132295719845,0.85727969348659,0.8678804965079795,0.0090238251055907,3,0.8633333333333333,0.87375,0.803125,0.87875,0.9322916666666666,0.8702500000000001,0.0412001803528954,1,0.8336078803307876,0.8500466194349221,0.8017300590319272,0.8369068834597504,0.8571419034840019,0.8358866691482778,0.0191060038163045,2,train_dataset_60p
15.789517164230348,0.4882595519103036,3.846605062484741,0.3534834772052554,LogisticRegression(),{'classify': LogisticRegression()},0.839375,0.85075,0.79875,0.84175,0.8635,0.8388250000000002,0.0217528159096702,2,0.8506845776285198,0.876947877485223,0.834733893557423,0.8412381427858213,0.8432483474976393,0.8493705677909252,0.0146975153153812,3,0.82325,0.816,0.745,0.8425,0.893,0.82395,0.0477677715620061,2,0.8393332241278548,0.8505695533963231,0.7981668915350755,0.841749910984325,0.8633811074087224,0.8386401374904603,0.0219210458454269,2,train_dataset_50p
15.237561082839964,0.4052329050965024,3.692490196228027,0.2870774418568445,LogisticRegression(),{'classify': LogisticRegression()},0.846125,0.854875,0.817875,0.848,0.871375,0.84765,0.0173440191420558,2,0.8372730387118876,0.8541160125043418,0.8191138777004761,0.8276089828269485,0.8266626542281071,0.8329549131943523,0.0120514238986651,2,0.76375,0.7684375,0.6990625,0.783125,0.8584375,0.7745625,0.0509175958043974,2,0.8371204025071086,0.8459950735336217,0.8048200178840189,0.8401577810955554,0.866835917051394,0.8389858384143398,0.0199845582904882,2,train_dataset_40p
27.86275444030762,0.4089491574809645,6.840192270278931,0.4134060608234875,LogisticRegression(),{'classify': LogisticRegression()},0.861375,0.867125,0.8265,0.874875,0.890375,0.86405,0.0211508865062436,2,0.8066508313539192,0.8458354888773927,0.7700106723585912,0.8313595452392231,0.8182198077726703,0.8144152691203592,0.025771565433763,2,0.7075,0.68125,0.60125,0.73125,0.8158333333333333,0.7074166666666666,0.0696825141465043,3,0.8286761748943589,0.8317808769474148,0.7784381180297498,0.8454855828767925,0.8693850828046634,0.8307531671105959,0.0298385771410365,2,train_dataset_30p
27.14203968048096,0.3211429539587944,6.824743175506592,0.4548755271643716,LogisticRegression(),{'classify': LogisticRegression()},0.892125,0.89425,0.86675,0.900375,0.903625,0.8914250000000001,0.0130097559546672,2,0.7964601769911505,0.8131229235880398,0.7367021276595744,0.8048595292331056,0.7829351535836178,0.7868159822110977,0.0269707044607587,2,0.61875,0.611875,0.519375,0.6625,0.716875,0.625875,0.0651327970380514,3,0.8154274772077397,0.8170889116530795,0.7644590335484578,0.8329276667198332,0.844422261892976,0.8148650702044172,0.0273712085125265,2,train_dataset_20p
17.199218225479125,0.2577492487860271,3.980138826370239,0.33197642297234,LinearSVC(),{'classify': LinearSVC()},0.842,0.854625,0.797625,0.84425,0.86525,0.8407499999999999,0.0230926124550688,1,0.8534883720930233,0.8812147272238645,0.834316203313676,0.8447671507260891,0.845226843100189,0.8518026592913683,0.0159149442331885,2,0.82575,0.81975,0.74275,0.8435,0.89425,0.8252,0.0488483367168217,1,0.8419582671049074,0.8544479700693464,0.7970137544965676,0.8442499123905757,0.8651365798636654,0.8405612967850125,0.0232754380574283,1,train_dataset_50p
21.97174496650696,4.565155054222084,5.587086820602417,2.101247526248196,LogisticRegression(),{'classify': LogisticRegression()},0.841375,0.85475,0.806,0.844875,0.86625,0.8426500000000001,0.0202641000293622,1,0.8714496107721439,0.8844040574809806,0.8644524236983842,0.8647263783562206,0.8567329762815609,0.8683530893178582,0.0092802723639013,2,0.8629166666666667,0.871875,0.8025,0.8789583333333333,0.933125,0.8698750000000001,0.0416530394382504,2,0.83516320523199,0.8492205793926315,0.8010972460170749,0.83772729028324,0.8570646529970603,0.8360545947843994,0.0191852777681739,1,train_dataset_60p
16.874531698226928,0.3584476394538551,3.8701940536499024,0.286894014719486,LinearSVC(),{'classify': LinearSVC()},0.849375,0.855875,0.8185,0.849875,0.872,0.8491249999999999,0.0173628554679234,1,0.8405599180607716,0.8562478245736165,0.8220338983050848,0.8319495184324145,0.8294972743791641,0.8360576867502102,0.0117003799242681,1,0.769375,0.76875,0.6971875,0.7828125,0.8559375,0.7748125,0.0504722231777044,1,0.8406594688052811,0.8469976887594275,0.8052594826863007,0.8419723300589468,0.8673489129703292,0.8404475766560571,0.0200357560002473,1,train_dataset_40p
18.68398509025574,0.7038462088824992,4.450981950759887,0.5675599331525418,LinearSVC(),{'classify': LinearSVC()},0.85675,0.86225,0.8245,0.849125,0.869,0.8523249999999999,0.0153662780138848,1,0.8911134527572884,0.8962297392529951,0.8838272960117087,0.878772202103811,0.8764472378432021,0.885277985593801,0.0074351248832112,2,0.9060714285714284,0.9083928571428572,0.8626785714285714,0.91,0.94625,0.9066785714285714,0.0265188131140817,1,0.8275056404978223,0.8344967123117325,0.7942843729896847,0.8158896217860694,0.8346569063754987,0.8213666507921615,0.0151668336925573,1,train_dataset_70p
23.33383207321167,6.120543995105013,5.104658126831055,1.5174435239605903,LinearSVC(),{'classify': LinearSVC()},0.866625,0.86875,0.82725,0.87525,0.8915,0.865875,0.0211907998905185,1,0.8151300236406619,0.848297213622291,0.7733619763694952,0.8322274881516588,0.8221194280908326,0.8182272259749878,0.0250513233977687,1,0.7183333333333334,0.685,0.6,0.7316666666666667,0.8145833333333333,0.7099166666666668,0.0695723045151988,2,0.8353864229475492,0.8339584796574231,0.7790009130204683,0.8459279157234962,0.8704929823384804,0.8329533427374833,0.0299845258006459,1,train_dataset_30p
18.95329151153565,0.8495340376380071,4.490631866455078,0.5567319858039143,LinearSVC(),{'classify': LinearSVC()},0.883625,0.89575,0.869625,0.88425,0.891125,0.8848749999999999,0.0088526126087161,1,0.911264851857422,0.9230769230769232,0.9159807423512968,0.908263723150358,0.900710247862009,0.9118592976596018,0.0074887149712416,2,0.94671875,0.94875,0.9215625,0.95140625,0.9709375,0.947875,0.015740386450942,1,0.8065836304153889,0.8298806135190449,0.7944021348864415,0.8047915865595423,0.806016597885798,0.8083349126532431,0.0116562108314972,1,train_dataset_80p
28.76915736198425,0.9309908606805783,6.8713479995727536,0.3200320612506335,LinearSVC(),{'classify': LinearSVC()},0.892125,0.894,0.867,0.902,0.90675,0.892375,0.0137540903007069,1,0.7969379532634971,0.8112582781456954,0.7423146473779385,0.8109756097560976,0.7940771349862259,0.7911127247058909,0.0253942942129804,1,0.618125,0.6125,0.513125,0.665,0.720625,0.6258750000000001,0.0684979470495284,2,0.8153256147250967,0.8168621576747714,0.7633817989232315,0.8354335151401167,0.8489775211340371,0.8159961215194507,0.0291034414856537,1,train_dataset_20p
17.28965554237366,0.666478230240638,4.301487112045288,0.5423570393351652,LogisticRegression(),{'classify': LogisticRegression()},0.92675,0.9335,0.917625,0.92925,0.933625,0.92815,0.0058744148644779,2,0.9441310770883696,0.9465577283686044,0.9438186999592888,0.9401539278131636,0.9396176664469348,0.9428558199352725,0.0026093448928609,2,0.9763888888888888,0.9815277777777778,0.9659722222222222,0.9840277777777776,0.9898611111111112,0.9795555555555556,0.0080576625596959,2,0.763598673651398,0.7824625120959225,0.7471249250356349,0.7569029260984895,0.7635240922356242,0.7627226258234139,0.0115605371243014,1,train_dataset_90p
59.97042107582092,13.646962099497834,15.211781787872315,3.3957395301198434,LogisticRegression(n_jobs=1),{'classify': LogisticRegression(n_jobs=1)},0.92825,0.930625,0.920375,0.937,0.93975,0.9312,0.006825778343896,1,0.7132075471698113,0.7790432801822323,0.6799116997792495,0.7846153846153846,0.7539936102236422,0.7421543043940639,0.0400398941402789,1,0.4725,0.4275,0.385,0.51,0.59,0.477,0.0704166173569846,1,0.7646467908011337,0.7572295163634688,0.7242124427920763,0.7919246965568492,0.8144594949102428,0.7704945882847541,0.0308037608581593,1,train_dataset_10pc
26.13513264656067,0.6973553470950337,6.292754173278809,0.2568657085678124,LogisticRegression(),{'classify': LogisticRegression()},0.92825,0.930625,0.920375,0.937,0.93975,0.9312,0.006825778343896,2,0.7132075471698113,0.7790432801822323,0.6799116997792495,0.7846153846153846,0.7539936102236422,0.7421543043940639,0.0400398941402789,2,0.4725,0.4275,0.385,0.51,0.59,0.477,0.0704166173569846,2,0.7646467908011337,0.7572295163634688,0.7242124427920763,0.7919246965568492,0.8144594949102428,0.7704945882847541,0.0308037608581593,1,train_dataset_10p
