mean_fit_time,std_fit_time,mean_score_time,std_score_time,param_classify,params,split0_test_accuracy,split1_test_accuracy,split2_test_accuracy,split3_test_accuracy,split4_test_accuracy,mean_test_accuracy,std_test_accuracy,rank_test_accuracy,split0_test_f1_macro,split1_test_f1_macro,split2_test_f1_macro,split3_test_f1_macro,split4_test_f1_macro,mean_test_f1_macro,std_test_f1_macro,rank_test_f1_macro,Vectorizer,Ratio incels
26.86619839668274,0.4327012257193763,6.636019229888916,0.11135712270607372,LogisticRegression(),{'classify': LogisticRegression()},0.932875,0.93125,0.9335,0.933875,0.934625,0.933225,0.0011385297536735724,2,0.7759813526377335,0.7726201129085836,0.7815690241883565,0.781753960698901,0.7877324688403289,0.7799313838547807,0.005213789574407024,1,SentenceTransformer (all-MiniLM-L6-v2),10
27.799968242645264,0.08223572376091486,6.789872503280639,0.1400162846388207,LinearSVC(),{'classify': LinearSVC()},0.93425,0.933375,0.93375,0.934875,0.93475,0.9341999999999999,0.000573367247059001,1,0.77602515331206,0.7770270860321431,0.7790557802863979,0.7805081898934869,0.7853808595496574,0.7795994138147491,0.003284470566845537,2,SentenceTransformer (all-MiniLM-L6-v2),10
26.105164957046508,0.22632809403946438,6.644853162765503,0.08409601245850946,GaussianNB(),{'classify': GaussianNB()},0.883,0.883625,0.881125,0.886625,0.8825,0.883375,0.0018217436702236591,3,0.7396737244012496,0.7420219294522112,0.7366961562587875,0.7478434551284892,0.7448479646739292,0.7422166459829334,0.003887543972906915,3,SentenceTransformer (all-MiniLM-L6-v2),10
27.139589738845824,0.048974764911426334,6.77886962890625,0.16739261944113804,LogisticRegression(),{'classify': LogisticRegression()},0.8935,0.89425,0.899625,0.894875,0.8935,0.8951499999999999,0.002295920294783787,2,0.8186288597247502,0.8233607312114071,0.8316699076236211,0.8227579573128557,0.8209686102499253,0.823477213224512,0.00441476520747778,2,SentenceTransformer (all-MiniLM-L6-v2),20
28.208061933517456,0.1959578018839047,6.914861249923706,0.1121170036465833,LinearSVC(),{'classify': LinearSVC()},0.8935,0.893375,0.90175,0.897875,0.89525,0.89635,0.0031517852084176215,1,0.817629179331307,0.8218520448338672,0.8348372390333818,0.8274445485426918,0.8234376789260545,0.8250401381334604,0.005820970713288079,1,SentenceTransformer (all-MiniLM-L6-v2),20
26.589390373229982,0.2996170525977049,6.764031600952149,0.18205744453559713,GaussianNB(),{'classify': GaussianNB()},0.8605,0.862125,0.8685,0.86475,0.86675,0.8645249999999999,0.002924465763177952,3,0.7911476353224369,0.7976832392234053,0.8042196253820695,0.7991498954354308,0.8017832073559628,0.7987967205438611,0.0044317057267551025,3,SentenceTransformer (all-MiniLM-L6-v2),20
26.877115201950073,0.17685320759374254,6.718096590042114,0.06807165876829048,LogisticRegression(),{'classify': LogisticRegression()},0.867625,0.868,0.8725,0.86675,0.869625,0.8689,0.002027005180062465,2,0.8363119932822998,0.8364877570208069,0.8428694019047156,0.835474327821569,0.8397750736983774,0.8381837107455536,0.002764361727928519,2,SentenceTransformer (all-MiniLM-L6-v2),30
28.42410001754761,0.10123609537468649,6.848043584823609,0.07080649030252462,LinearSVC(),{'classify': LinearSVC()},0.867625,0.869875,0.874,0.868,0.873125,0.870525,0.0026093581586283015,1,0.8360455201267187,0.838788454194792,0.8442160454536779,0.836532191432259,0.8436605639028685,0.8398485550220632,0.003469626493343402,1,SentenceTransformer (all-MiniLM-L6-v2),30
26.43012742996216,0.08042249954217624,6.716974210739136,0.08609513117658343,GaussianNB(),{'classify': GaussianNB()},0.844875,0.850625,0.847625,0.845625,0.84775,0.8472999999999999,0.002002498439450062,3,0.8142806055058356,0.8198393475802341,0.8171272929245533,0.8151335943255293,0.8181849529240092,0.8169131586520324,0.002016089336321405,3,SentenceTransformer (all-MiniLM-L6-v2),30
27.599257516860963,0.14463101955381144,6.919709157943726,0.17799399625142626,LogisticRegression(),{'classify': LogisticRegression()},0.85275,0.856375,0.8555,0.848625,0.849625,0.8525749999999999,0.003076727157224076,2,0.8447501294188224,0.8486533681516205,0.8478844790520413,0.8412258023607697,0.8412354835592859,0.8447498525085081,0.003156993398002532,2,SentenceTransformer (all-MiniLM-L6-v2),40
29.07627878189087,0.13228824961243227,7.090764379501342,0.18025588594117348,LinearSVC(),{'classify': LinearSVC()},0.854875,0.8555,0.85625,0.852375,0.85025,0.8538499999999999,0.0022212046281241357,1,0.8469079333683592,0.8476677517703848,0.8485666404555273,0.845141559840486,0.8415556746312713,0.8459679120132056,0.0024769812874973515,1,SentenceTransformer (all-MiniLM-L6-v2),40
27.10794734954834,0.12205606515049364,6.927489423751831,0.07591878571692973,GaussianNB(),{'classify': GaussianNB()},0.8305,0.8315,0.837375,0.828375,0.832375,0.832025,0.0029889379384657657,3,0.8205475206310799,0.8213598372784251,0.8277724502739697,0.8187338350443243,0.8213779522151057,0.8219583190885809,0.0030622467981917543,3,SentenceTransformer (all-MiniLM-L6-v2),40
28.007886791229247,0.20583097737382616,7.005208587646484,0.1336409593640339,LogisticRegression(),{'classify': LogisticRegression()},0.847625,0.8425,0.841,0.841875,0.845625,0.8437250000000001,0.002496747884749259,2,0.8476116064888515,0.842476361609014,0.8409832933072531,0.8418230363959409,0.8456220451094572,0.8437032685821034,0.0025058191413404765,2,SentenceTransformer (all-MiniLM-L6-v2),50
29.686499261856078,0.11849809716764305,7.167707729339599,0.10024544489760305,LinearSVC(),{'classify': LinearSVC()},0.84875,0.844625,0.84125,0.84375,0.846625,0.845,0.002548283736164383,1,0.8487299945417781,0.8446066223050661,0.8412251914361619,0.8437021337784697,0.8466205687723697,0.844976902166769,0.002554400802993164,1,SentenceTransformer (all-MiniLM-L6-v2),50
27.64675431251526,0.19195597813077928,7.066178178787231,0.14220403337828666,GaussianNB(),{'classify': GaussianNB()},0.82125,0.818375,0.81675,0.814625,0.82025,0.8182499999999999,0.0023835372873106096,3,0.8204073061824346,0.8175894231995213,0.815761456580373,0.8135373370657928,0.8194575880701391,0.8173506222196523,0.0024862115334438476,3,SentenceTransformer (all-MiniLM-L6-v2),50
29.206157684326172,0.16007457277807854,7.342321825027466,0.16129388750920648,LogisticRegression(),{'classify': LogisticRegression()},0.841375,0.85325,0.84475,0.852375,0.845125,0.8473749999999999,0.0046361352439289235,2,0.8341386751310402,0.8465972185880528,0.8381456970212553,0.8454707262134952,0.8385451471308656,0.8405794928169419,0.004726166404273834,2,SentenceTransformer (all-MiniLM-L6-v2),60
30.82810001373291,0.2743633223565782,7.40519642829895,0.1660821785393013,LinearSVC(),{'classify': LinearSVC()},0.842,0.853875,0.84575,0.85375,0.845625,0.8482,0.004776635845446065,1,0.8348192198292208,0.8474401967447243,0.8392725951764455,0.8468676182339046,0.8391170823641888,0.8415033424696968,0.0048860957708131226,1,SentenceTransformer (all-MiniLM-L6-v2),60
28.876974534988403,0.1887639272153663,7.273228549957276,0.16139004642203264,GaussianNB(),{'classify': GaussianNB()},0.804625,0.81175,0.803375,0.808375,0.800375,0.8057000000000001,0.003966736694059744,3,0.8025556567954337,0.8099712237632373,0.8016548985952001,0.8065023997631074,0.7984541388277108,0.803827663548938,0.004002779598651483,3,SentenceTransformer (all-MiniLM-L6-v2),60
30.627731370925904,0.39129232683580256,7.588393211364746,0.15260896645376776,LogisticRegression(),{'classify': LogisticRegression()},0.860375,0.855,0.85925,0.857125,0.857125,0.857775,0.0018698261951315108,2,0.8320577761844734,0.8235829452158128,0.8290166880319881,0.8261906741906742,0.8244596880139543,0.8270615543273806,0.0031117082936779083,2,SentenceTransformer (all-MiniLM-L6-v2),70
32.273571729660034,0.27825045989672437,7.765068483352661,0.1800399661999074,LinearSVC(),{'classify': LinearSVC()},0.86325,0.855,0.860125,0.855125,0.8565,0.858,0.0032122811209481517,1,0.835617261690107,0.8235829452158128,0.8304468095902331,0.8233942404160948,0.823481021903422,0.8273044557631339,0.0049544969724047245,1,SentenceTransformer (all-MiniLM-L6-v2),70
30.311390542984007,0.215417838158818,7.615732049942016,0.13787665002390478,GaussianNB(),{'classify': GaussianNB()},0.78875,0.7875,0.794125,0.79025,0.79825,0.791775,0.003929376540877713,3,0.7734657178231342,0.7719021562223347,0.7783058437459003,0.7744077868301471,0.7817444219066938,0.7759651853056421,0.0035793656048042238,3,SentenceTransformer (all-MiniLM-L6-v2),70
29.147438287734985,0.44816936611169966,7.268587970733643,0.1511859932786499,LogisticRegression(),{'classify': LogisticRegression()},0.8945,0.889,0.884625,0.88925,0.887875,0.8890499999999999,0.0031845329327862097,2,0.8245198934977136,0.8169053289209167,0.8058935135074745,0.8155936967178176,0.8097251804249954,0.8145275226137836,0.006391349930686157,2,SentenceTransformer (all-MiniLM-L6-v2),80
30.491232204437257,0.07996536432639455,7.398626708984375,0.1407049566277537,LinearSVC(),{'classify': LinearSVC()},0.89525,0.8905,0.8845,0.89025,0.89,0.8901,0.003408078637590406,1,0.8251235847244407,0.8178666193175321,0.8054224795998948,0.8159969293701699,0.8135845789537626,0.81559883839316,0.0063818119496054735,1,SentenceTransformer (all-MiniLM-L6-v2),80
28.829706478118897,0.31317894025832094,7.279522466659546,0.12304396569565751,GaussianNB(),{'classify': GaussianNB()},0.792125,0.7835,0.781125,0.783875,0.79175,0.786475,0.004560290560918236,3,0.7434373208638935,0.7343183190203464,0.7300784431584375,0.7320243962416848,0.7421747881608396,0.7364066534890404,0.005409495849916527,3,SentenceTransformer (all-MiniLM-L6-v2),80
30.769787311553955,0.5275340450048053,7.59306378364563,0.1816170503274325,LogisticRegression(),{'classify': LogisticRegression()},0.931375,0.929625,0.93125,0.930125,0.92725,0.9299250000000001,0.0014928998626833477,2,0.7725622094400665,0.7641464849316886,0.768780829660627,0.7614611592144882,0.7639458040656888,0.7661792974625118,0.0039721828547444335,1,SentenceTransformer (all-MiniLM-L6-v2),90
31.409080457687377,0.09164381612508378,7.659897804260254,0.21905253865593605,LinearSVC(),{'classify': LinearSVC()},0.93025,0.93025,0.932,0.931125,0.927875,0.9303000000000001,0.0013752272539475148,1,0.7657477934953452,0.762058627815986,0.769678710268519,0.7648749530003274,0.7592946749943617,0.7643309519149077,0.0035051230701525623,2,SentenceTransformer (all-MiniLM-L6-v2),90
30.056288528442384,0.09670220193075903,7.5691124439239506,0.1330535364777137,GaussianNB(),{'classify': GaussianNB()},0.790125,0.77825,0.78075,0.784,0.776125,0.7818499999999999,0.00489987244731942,3,0.6632071261881809,0.6478636998290134,0.6523372736760745,0.6531217884783639,0.6479613020822494,0.6528982380507764,0.005592096964763868,3,SentenceTransformer (all-MiniLM-L6-v2),90
