mean_fit_time,std_fit_time,mean_score_time,std_score_time,param_classify,param_vectorizer__max_features,params,split0_test_accuracy,split1_test_accuracy,split2_test_accuracy,split3_test_accuracy,split4_test_accuracy,split5_test_accuracy,split6_test_accuracy,split7_test_accuracy,split8_test_accuracy,split9_test_accuracy,split10_test_accuracy,split11_test_accuracy,split12_test_accuracy,split13_test_accuracy,split14_test_accuracy,split15_test_accuracy,split16_test_accuracy,split17_test_accuracy,split18_test_accuracy,split19_test_accuracy,split20_test_accuracy,split21_test_accuracy,split22_test_accuracy,split23_test_accuracy,split24_test_accuracy,split25_test_accuracy,split26_test_accuracy,split27_test_accuracy,split28_test_accuracy,split29_test_accuracy,mean_test_accuracy,std_test_accuracy,rank_test_accuracy,split0_test_f1_macro,split1_test_f1_macro,split2_test_f1_macro,split3_test_f1_macro,split4_test_f1_macro,split5_test_f1_macro,split6_test_f1_macro,split7_test_f1_macro,split8_test_f1_macro,split9_test_f1_macro,split10_test_f1_macro,split11_test_f1_macro,split12_test_f1_macro,split13_test_f1_macro,split14_test_f1_macro,split15_test_f1_macro,split16_test_f1_macro,split17_test_f1_macro,split18_test_f1_macro,split19_test_f1_macro,split20_test_f1_macro,split21_test_f1_macro,split22_test_f1_macro,split23_test_f1_macro,split24_test_f1_macro,split25_test_f1_macro,split26_test_f1_macro,split27_test_f1_macro,split28_test_f1_macro,split29_test_f1_macro,mean_test_f1_macro,std_test_f1_macro,rank_test_f1_macro,Vectorizer,Ratio incels
17.229360349973042,0.30405743779602695,1.907184354464213,0.0581073076151246,LogisticRegression(),500,"{'classify': LogisticRegression(), 'vectorizer__max_features': 500}",0.7705,0.7725,0.77775,0.76525,0.7795,0.77875,0.7695,0.78125,0.77775,0.779,0.765,0.782,0.7885,0.771,0.7705,0.779,0.768,0.77475,0.7775,0.77675,0.78,0.77625,0.7705,0.77925,0.7745,0.775,0.77875,0.7845,0.771,0.76575,0.7753416666666666,0.005673580341273836,16,0.6966122694889437,0.7000373469984451,0.7019706561783134,0.687104272501189,0.7092669670908007,0.7076137141061764,0.6912206529845935,0.7101602656389446,0.706292194169933,0.6994382146629952,0.683693810224362,0.7118147047868834,0.7237980317181721,0.6944628734032265,0.6904620848086682,0.7101045296167248,0.6923011628893982,0.7017435012317149,0.7039245959152904,0.7008318833478855,0.7110463373317297,0.702556987962448,0.6950140781900181,0.7073181484044488,0.7017053722134916,0.6989941387469796,0.7106074390728516,0.7138080003612262,0.6950728296575628,0.6875624947951395,0.7015513186166186,0.009019480478588427,15,TfidfVectorizer,70
17.139481639862062,0.05253689674019679,1.8957934300104777,0.047472442844227115,LogisticRegression(),1000,"{'classify': LogisticRegression(), 'vectorizer__max_features': 1000}",0.793,0.7915,0.788,0.78575,0.80275,0.798,0.79475,0.79875,0.7855,0.7965,0.781,0.81,0.801,0.786,0.79025,0.79675,0.789,0.79625,0.795,0.7975,0.79675,0.80075,0.78525,0.80075,0.793,0.7935,0.802,0.8005,0.788,0.78475,0.7940833333333333,0.006614483266959627,13,0.7315306546274809,0.7299200932650037,0.7215537432469394,0.7225576269580103,0.7432972395912765,0.7404129490245567,0.7332197973981457,0.7408266936271296,0.7207604818150959,0.7308072871194924,0.7110573979861097,0.7529643465793201,0.7422258923728333,0.7231378188241055,0.7258232430813056,0.7399822609054134,0.7235751428549906,0.7371262626910159,0.734453808725783,0.7362168414799993,0.7387275017022481,0.7392175922438011,0.7199956744384166,0.739548420424077,0.7328514334553247,0.7299859435781766,0.7461665378269549,0.7404503284376671,0.7248750582369423,0.7177372856997792,0.7323668452739134,0.009518372242824548,10,TfidfVectorizer,70
17.170818781852724,0.07540282878488765,1.90117404460907,0.04467713640941684,LogisticRegression(),2500,"{'classify': LogisticRegression(), 'vectorizer__max_features': 2500}",0.812,0.8155,0.81875,0.805,0.8225,0.8175,0.81225,0.819,0.81425,0.8135,0.80475,0.8305,0.82275,0.806,0.8175,0.8165,0.81375,0.819,0.815,0.81075,0.81625,0.8195,0.80425,0.81875,0.8125,0.813,0.8255,0.8185,0.8115,0.81225,0.8152916666666666,0.005899535057009901,7,0.7591311553280541,0.7659817351598173,0.7650001041292642,0.7489519548757231,0.7728563316297559,0.7672905511356699,0.7583592690898792,0.7692032315372945,0.7600555263160231,0.7569062573828319,0.7471616180329126,0.7829638810923767,0.7713159757643315,0.7526266680565477,0.7637451761943167,0.766291980280647,0.7611580659926676,0.7675403489270736,0.7634001823736973,0.7549312994249869,0.7635074071651946,0.7677608283926218,0.7491264080100125,0.7678490275796155,0.7600595052426998,0.760842346507467,0.7772273356740421,0.7661899001766136,0.7589239696077943,0.7553538536939491,0.7627237298257961,0.00798125751171568,7,TfidfVectorizer,70
17.208702166875202,0.08454383619316566,1.895666249593099,0.050727490398890865,LogisticRegression(),5000,"{'classify': LogisticRegression(), 'vectorizer__max_features': 5000}",0.81925,0.8235,0.823,0.81525,0.82975,0.832,0.83025,0.83375,0.8175,0.828,0.815,0.837,0.8325,0.815,0.827,0.82925,0.82275,0.82725,0.8245,0.8185,0.82175,0.83675,0.81625,0.83,0.81775,0.8245,0.83575,0.82275,0.8195,0.82125,0.8249083333333332,0.006628060089917376,4,0.7690423282641639,0.7770360383662237,0.7714285714285714,0.7637904316106576,0.7815445044127769,0.78666097762607,0.7828388132285065,0.7896807408994027,0.7671525629166533,0.7778853914447135,0.76139007692268,0.7924010506035175,0.784617926667869,0.7656207439577661,0.7776803969368729,0.7838626575352068,0.7735145376753696,0.7790009130204683,0.7759507014945237,0.7657610394789441,0.7719647626390649,0.7911542636792558,0.7659044627447702,0.7829721894818749,0.7678154467223639,0.7762163930099182,0.7908707440346238,0.7715951877457758,0.7702483736003289,0.7682414820033433,0.7761281236717426,0.00880444841933831,5,TfidfVectorizer,70
17.30154532591502,0.08342709401155486,1.9003527800242106,0.04406460593265854,LogisticRegression(),10000,"{'classify': LogisticRegression(), 'vectorizer__max_features': 10000}",0.82475,0.83175,0.828,0.8225,0.83275,0.83325,0.83325,0.8395,0.821,0.83425,0.8275,0.84125,0.83575,0.82175,0.832,0.83225,0.828,0.8315,0.83,0.8235,0.83075,0.84025,0.818,0.839,0.8275,0.82575,0.842,0.82825,0.8295,0.8275,0.8304333333333332,0.006064216538203627,2,0.7769965942671742,0.7876414083792188,0.7786972990777339,0.7735319447545532,0.785909021414618,0.7884339505146376,0.7868040837406071,0.7965417807157736,0.7717534720727941,0.7866740285041143,0.7793866565376366,0.798348281891636,0.7893702675935337,0.7742380435019225,0.7846261533077192,0.7862882918391031,0.7810677022673495,0.7851422348841666,0.7829721894818749,0.7731826014991795,0.7843773078615095,0.795631813921967,0.7679281112695449,0.7954302809561793,0.7806894868261128,0.7787889903248748,0.7999437183435467,0.7796197863899821,0.783104750546611,0.7766906459918884,0.783660363289252,0.007994084807646407,3,TfidfVectorizer,70
17.343982791900636,0.08205182116382097,1.9000542720158895,0.0435109041085181,LogisticRegression(),15000,"{'classify': LogisticRegression(), 'vectorizer__max_features': 15000}",0.82875,0.83225,0.82625,0.82425,0.837,0.838,0.83425,0.84,0.82325,0.83375,0.8275,0.844,0.84125,0.8225,0.831,0.83425,0.829,0.8365,0.8305,0.825,0.8315,0.841,0.8235,0.84,0.82875,0.82775,0.8425,0.83175,0.83175,0.82575,0.8321166666666665,0.006151467756198963,1,0.781958081679935,0.788878041751019,0.7770534956929221,0.7771451581496676,0.7917848255846631,0.7951166301744512,0.7882089400264739,0.7972936163959059,0.7754838351139948,0.7860305112446999,0.7800417538131674,0.802704903130953,0.7969111139913131,0.7760308181594213,0.7839918121393405,0.78945655258922,0.782468694096601,0.7924968247889512,0.783352734660463,0.7753818508535489,0.786026040059481,0.7968944004169414,0.7757356806755629,0.7968199786914953,0.7831038706855777,0.7815832346587781,0.8008078348918276,0.7846289557728521,0.7862809349812142,0.7747724276535188,0.7862814517507989,0.008124018299038317,1,TfidfVectorizer,70
17.13302270571391,0.07818561058407049,1.8963128964106242,0.04751230429558212,LinearSVC(),500,"{'classify': LinearSVC(), 'vectorizer__max_features': 500}",0.7715,0.77125,0.78075,0.76725,0.77875,0.77775,0.773,0.78075,0.77725,0.778,0.7675,0.7845,0.7895,0.7745,0.7725,0.7805,0.76975,0.7745,0.77775,0.7785,0.77825,0.77775,0.77425,0.777,0.7765,0.775,0.782,0.78525,0.77075,0.767,0.7763166666666665,0.005298951678293445,15,0.7006489106273239,0.7011764584854496,0.7085390820592927,0.6936108902734539,0.7094977256708244,0.709483746244673,0.6989326033443681,0.7121237349302971,0.7082747570491059,0.7003721054528228,0.690206425784952,0.7174996821052108,0.726481288981289,0.7024814760085285,0.6962612767173254,0.7144303112384358,0.6965097384208868,0.7036322463887161,0.7057158408379518,0.7056453957258781,0.711593275636273,0.7072439263199812,0.7018611146580908,0.7063508863298107,0.7071992626923715,0.701585179526356,0.7181364943420427,0.7156466898535441,0.6972388063582162,0.692386398329909,0.7053588576797793,0.008158762379914829,14,TfidfVectorizer,70
17.180792530377705,0.06824799742728835,1.8985780636469523,0.047274433341653085,LinearSVC(),1000,"{'classify': LinearSVC(), 'vectorizer__max_features': 1000}",0.79125,0.79025,0.78925,0.7875,0.803,0.7955,0.79575,0.79475,0.79075,0.795,0.77725,0.807,0.80125,0.78375,0.79075,0.7955,0.79075,0.7975,0.7935,0.79525,0.79475,0.79975,0.7845,0.79875,0.792,0.794,0.7965,0.79825,0.7855,0.784,0.7931166666666666,0.006199708774522316,14,0.734054729784875,0.7323055013213626,0.7279284584169874,0.7287152368523435,0.7477515314170986,0.7410663949446538,0.7396337711570466,0.739586616750401,0.7305241522557857,0.7331277332032385,0.7124368403909085,0.7533160931532115,0.7464947518434735,0.7228535669586984,0.7301952820438433,0.7429922985662867,0.7305241522557857,0.7425485280132629,0.7365315300947338,0.7383757494444677,0.7406427431973805,0.7424278076353755,0.7235654667205853,0.741298448794969,0.7357111704278588,0.7359106403654176,0.7441036160296765,0.7409692100820753,0.7264867025676778,0.7205503218037701,0.7354209682164417,0.00879070287413385,9,TfidfVectorizer,70
17.22123610973358,0.04835610046941066,1.8952779293060302,0.04828895996700224,LinearSVC(),2500,"{'classify': LinearSVC(), 'vectorizer__max_features': 2500}",0.80425,0.8055,0.8135,0.79925,0.81475,0.80775,0.813,0.821,0.81325,0.805,0.8015,0.82825,0.818,0.8035,0.81425,0.81075,0.80725,0.8095,0.809,0.8045,0.8205,0.819,0.79875,0.81775,0.809,0.80775,0.8135,0.81325,0.803,0.81075,0.8105666666666667,0.006807450983216025,9,0.7543373536407134,0.759977219431726,0.7650790291780662,0.7467667626487913,0.7688151801381353,0.7607430530508722,0.7651189744617126,0.7752947216855658,0.7652331141678124,0.7509082269264374,0.7505328668235105,0.7857817551069185,0.7703527262254348,0.7542962980329637,0.7647389429480063,0.7646063581626205,0.7593215114203269,0.7608583490564261,0.7610397149491552,0.7524620059250846,0.7749216300940438,0.7723968280165672,0.7484272602033255,0.7726854431920576,0.7602306806812462,0.7599458395359682,0.7668003032221258,0.7650994919215215,0.754083217240639,0.7609984707217208,0.7623951109603164,0.00872855471670684,8,TfidfVectorizer,70
17.204175448417665,0.06559614054199617,1.89582626024882,0.05150535501553393,LinearSVC(),5000,"{'classify': LinearSVC(), 'vectorizer__max_features': 5000}",0.81175,0.81175,0.81775,0.80825,0.823,0.82225,0.8195,0.82725,0.81925,0.819,0.8115,0.8315,0.8225,0.81175,0.82125,0.8225,0.8125,0.82275,0.81525,0.81525,0.8235,0.83675,0.81,0.8205,0.81375,0.81625,0.82475,0.82275,0.813,0.82325,0.8190333333333333,0.0064577902997508055,6,0.7653320850953229,0.7686186510421265,0.7711500768130529,0.7614967988252707,0.779172264036363,0.7795157238082473,0.7749306399825431,0.7861838071984424,0.7755490491684953,0.7717456414136638,0.7663724426070977,0.7917261514082896,0.7781779600120471,0.7666187119259,0.7764283395371863,0.7804830917874396,0.7658116919917903,0.7803755315109613,0.7710825356651628,0.7670834187268871,0.7799183266311294,0.7976122428786357,0.7637385269408026,0.7787255392332255,0.768972171922847,0.7718237221837401,0.7830895062895921,0.7789217821991343,0.768609030929672,0.7784323998270394,0.7749232620530702,0.008203675298956336,6,TfidfVectorizer,70
17.260785746574403,0.06080569516493809,1.8983325958251953,0.04692486027585301,LinearSVC(),10000,"{'classify': LinearSVC(), 'vectorizer__max_features': 10000}",0.8175,0.8215,0.82,0.81525,0.818,0.82575,0.821,0.826,0.82125,0.82375,0.817,0.83925,0.826,0.81925,0.82375,0.82775,0.821,0.82275,0.82125,0.8185,0.83175,0.84275,0.81725,0.83175,0.823,0.815,0.83175,0.825,0.82175,0.8265,0.8237666666666666,0.006432642449949239,5,0.7747858228601028,0.7816970395183394,0.7769073722508094,0.770957806259283,0.7730602574893233,0.7853696465104284,0.7769247329717395,0.7846950341270744,0.7785169323418017,0.7799243392364857,0.7754876702245124,0.8017860678263107,0.7844611342547001,0.7754259277910491,0.7788094946573473,0.7863380220870356,0.7772942117645888,0.7802558655451037,0.7776665073794896,0.7731791534771073,0.791071244938309,0.8041928109343839,0.7735606678907091,0.7926492303566148,0.7799037856238002,0.7718232555271192,0.7923152155103812,0.7804403050123283,0.7796151595406198,0.78329775232307,0.7814137488743322,0.008058071936971481,4,TfidfVectorizer,70
17.30656221707662,0.08351154665551987,1.9016740401585897,0.04660510961957908,LinearSVC(),15000,"{'classify': LinearSVC(), 'vectorizer__max_features': 15000}",0.8235,0.82575,0.8215,0.8205,0.8265,0.82775,0.827,0.82875,0.82175,0.828,0.81875,0.83775,0.8285,0.81825,0.8255,0.8305,0.82225,0.83075,0.82575,0.82325,0.8335,0.84075,0.8195,0.8335,0.82225,0.81625,0.8345,0.82925,0.8235,0.828,0.8264416666666666,0.005718640329853083,3,0.780766516029042,0.786053102571499,0.7786458333333334,0.7789620513553044,0.784137127045565,0.7886204639780816,0.7852316332699787,0.788269823682082,0.7800896127117457,0.7844475795624976,0.7773405633667643,0.8001505029917761,0.7873263888888888,0.7739350361746699,0.7809437370621857,0.7900354152653544,0.778666277542682,0.7902880604131465,0.7836205909687984,0.7796677080509871,0.7936393193319987,0.8027859961029336,0.7760434066341402,0.7941982445666482,0.7796359949260491,0.7724453801187696,0.7949903317192692,0.7853470106782006,0.7823070518947921,0.784931110746411,0.7847840623661199,0.0071859512456917485,2,TfidfVectorizer,70
17.05253040790558,0.07277448397421202,1.8899086634318034,0.047905996039666665,MultinomialNB(),500,"{'classify': MultinomialNB(), 'vectorizer__max_features': 500}",0.75325,0.746,0.7495,0.74175,0.75475,0.74475,0.7485,0.75125,0.74825,0.745,0.7435,0.756,0.74925,0.746,0.747,0.75475,0.74625,0.74125,0.75075,0.75225,0.75125,0.75025,0.74675,0.75325,0.7485,0.74625,0.751,0.75125,0.747,0.7415,0.7485666666666666,0.003918935513064169,18,0.5997758014596019,0.5814596512273613,0.590182540549229,0.5755517390822447,0.6065366653380762,0.5809132458607743,0.5868581465536536,0.590322174553428,0.5937022230681716,0.5762986446541352,0.575141029574905,0.6079626954010731,0.5928787883861673,0.5792819552125765,0.5805007461449179,0.606148697334809,0.5829477397565134,0.570742425858974,0.5944974895551074,0.5965302004371602,0.5953109349120681,0.5912010005140678,0.5850482606691598,0.5977516067265958,0.5893835651384198,0.5850771250668501,0.5975391702275965,0.5920040586370127,0.5852457316580868,0.5704831358552702,0.5885759063138001,0.009980332091029172,18,TfidfVectorizer,70
17.075394876797994,0.06699826735418127,1.8923272291819255,0.04791811964444666,MultinomialNB(),1000,"{'classify': MultinomialNB(), 'vectorizer__max_features': 1000}",0.7715,0.7675,0.7655,0.7655,0.7755,0.77225,0.77325,0.77275,0.761,0.76625,0.758,0.7785,0.7735,0.7655,0.76775,0.774,0.76525,0.7645,0.77375,0.7715,0.77525,0.774,0.7635,0.77675,0.77225,0.7665,0.77,0.76775,0.762,0.7685,0.7693249999999999,0.00497583745045328,17,0.6472446682421014,0.637058865539676,0.6286919029500389,0.6339367912647484,0.6511759797759757,0.6488847610686814,0.6481692046228704,0.6460814765994738,0.6296753965397892,0.6318213100841288,0.6175509352618037,0.6599160384133663,0.650332242261864,0.6346200964400389,0.6359129722268027,0.6558047163891783,0.6319938438331192,0.6263897349984769,0.6495928355867321,0.6459448874867859,0.6538259786275086,0.6501412593366616,0.6294252055887066,0.6539199332332879,0.6439737029050436,0.6354978284022121,0.6465448219584797,0.6379570293185632,0.6291666650436216,0.6362299278273892,0.6409160337275709,0.010288159507760844,17,TfidfVectorizer,70
17.09093962510427,0.0641355438998927,1.8961637179056803,0.04913878887544695,MultinomialNB(),2500,"{'classify': MultinomialNB(), 'vectorizer__max_features': 2500}",0.79625,0.8,0.795,0.7905,0.7955,0.79625,0.79425,0.79625,0.79375,0.79275,0.78225,0.80425,0.7975,0.78775,0.79525,0.80125,0.791,0.7985,0.798,0.79125,0.7965,0.79525,0.7845,0.80075,0.798,0.797,0.803,0.795,0.78725,0.793,0.7949250000000002,0.004970810631409472,12,0.7030402574477003,0.7093351732416867,0.6968527399336626,0.690977311908252,0.6978462495442761,0.7040053075661782,0.6981464523359769,0.7005844756357046,0.6948758842936067,0.6956938011560883,0.6775912699415213,0.7163164506296877,0.7044999190110889,0.685999546382148,0.6965834799707586,0.7128937519992482,0.690677287239809,0.7010203884806049,0.7042593967184505,0.6927259303895434,0.702553218856518,0.6963267494513071,0.6813256851497769,0.70959887752861,0.7037706187381215,0.7047354327662216,0.7139272416777513,0.6988726084242224,0.687098733310592,0.6931195399461625,0.6988417926558425,0.00902742519772232,16,TfidfVectorizer,70
17.112454239527384,0.10849202837031387,1.9032267093658448,0.06361849992504703,MultinomialNB(),5000,"{'classify': MultinomialNB(), 'vectorizer__max_features': 5000}",0.806,0.81125,0.80025,0.8015,0.80725,0.80875,0.81,0.8115,0.80475,0.80975,0.80275,0.817,0.8065,0.80025,0.8115,0.81125,0.803,0.81375,0.8085,0.80275,0.81025,0.81075,0.80325,0.8195,0.8065,0.80825,0.80575,0.80825,0.8025,0.806,0.8076416666666668,0.004592422805254564,10,0.7218637992831541,0.7309762577639406,0.7088701419640644,0.7151875009640221,0.7217839638044906,0.727413029389953,0.7252031056387962,0.7301742487464196,0.717269076305221,0.7275621619642947,0.7159694042530251,0.739070084278224,0.7221420478777253,0.7121403026003477,0.727591314715127,0.7292839228086274,0.71621643034842,0.7315951507349925,0.7245777337997055,0.7152886477843621,0.7263330110805384,0.7283523123381429,0.714636888584832,0.7436312607944733,0.7214800421018541,0.7271248970158866,0.7220526785295085,0.7225606064456189,0.7152692453661872,0.7187390812046666,0.7233452782828873,0.007649402659378017,12,TfidfVectorizer,70
17.11198099454244,0.19298546314373996,1.8980536222457887,0.049379817870200744,MultinomialNB(),10000,"{'classify': MultinomialNB(), 'vectorizer__max_features': 10000}",0.81375,0.819,0.8065,0.80925,0.81,0.81275,0.80725,0.81475,0.80825,0.8115,0.8095,0.8195,0.81275,0.804,0.811,0.813,0.808,0.81775,0.8135,0.80525,0.81225,0.81275,0.80425,0.82425,0.81375,0.8095,0.8135,0.81175,0.806,0.806,0.8113750000000001,0.004645674511485553,8,0.7339171441202073,0.7411133769650263,0.7183241085085408,0.7264154080834206,0.7265178707976863,0.7331141947883331,0.7208891905650772,0.7332488321311681,0.7225606064456189,0.727591314715127,0.7260159701767305,0.7408095071934337,0.7312230937136974,0.7165253089747581,0.7268687452581379,0.7306216876911398,0.7223105067507833,0.7392231694311604,0.7330371214387652,0.7177656641641467,0.730292086308328,0.7295061889904866,0.717453753124405,0.7520002039031041,0.7326584844014749,0.7268817204301075,0.7321937567400298,0.728061629252118,0.7205380075512359,0.7173659673659674,0.728501487332674,0.008046776800751021,11,TfidfVectorizer,70
17.08632651170095,0.06997385554940987,1.8929767290751138,0.045916049293745015,MultinomialNB(),15000,"{'classify': MultinomialNB(), 'vectorizer__max_features': 15000}",0.81,0.817,0.80125,0.8095,0.8055,0.80975,0.80225,0.80575,0.80625,0.80225,0.80225,0.815,0.813,0.80375,0.804,0.81,0.8015,0.81775,0.80475,0.80125,0.8065,0.80725,0.799,0.817,0.80325,0.808,0.81275,0.808,0.8015,0.80075,0.8068916666666667,0.0052371602249904545,11,0.7227406647511452,0.7333916083916083,0.7079320958655033,0.7240361273649325,0.7128625755857898,0.7231678078719108,0.7067087409230572,0.7157230143348591,0.7176149687386106,0.707204012082369,0.7098831637882841,0.7293714285714286,0.7262203326056944,0.7123218330779503,0.7104052073871789,0.7225134005946245,0.7076917922874075,0.738192983913144,0.7140239313635466,0.7074456462990264,0.7169371428571429,0.7176855967750249,0.7025173910775198,0.7376344086021506,0.7118269321166596,0.7195924890219364,0.7273110953529205,0.7182022625276157,0.7096228571428571,0.7034782429951153,0.7171419918089004,0.009533681481573492,13,TfidfVectorizer,70
