nb_posts_total,nb_posts_incels,nb_posts_neutral,% Incels,Algorithme,Vecteurs,Dimensions,accuracy,precision,recall,f1-score
40000,20000,20000,50,Random Forest,DM (Doc2Vec),450,0.7100500000000001,0.7101989442783768,0.7100500000000001,0.7099979117922162
40000,20000,20000,50,Random Forest,DM (Doc2Vec),350,0.709575,0.7097527446120219,0.709575,0.7095132104217374
40000,20000,20000,50,Random Forest,DM (Doc2Vec),500,0.70955,0.7097616821212274,0.7095499999999999,0.7094770887467844
40000,20000,20000,50,Random Forest,DM (Doc2Vec),250,0.70815,0.7083651429355364,0.7081500000000001,0.7080742953582538
40000,20000,20000,50,Random Forest,DM (Doc2Vec),400,0.7078,0.7079742244012063,0.7078,0.7077376907953994
40000,20000,20000,50,Random Forest,DM (Doc2Vec),300,0.70625,0.7064650192334634,0.70625,0.7061735390703068
40000,20000,20000,50,Random Forest,DM (Doc2Vec),100,0.7051499999999999,0.7052942973519661,0.7051499999999999,0.7050985963366916
40000,20000,20000,50,Random Forest,DM (Doc2Vec),200,0.70515,0.7054015706199845,0.70515,0.7050597851803903
40000,20000,20000,50,Random Forest,DM (Doc2Vec),150,0.705025,0.705277016285247,0.705025,0.7049346802873719
40000,16000,24000,40,Random Forest,DM (Doc2Vec),500,0.733325,0.7330298063671471,0.69865625,0.7043375962896954
40000,16000,24000,40,Random Forest,DM (Doc2Vec),450,0.7323999999999999,0.7311755821567102,0.6983541666666666,0.7039696390036149
40000,16000,24000,40,Random Forest,DM (Doc2Vec),300,0.730675,0.729394863988358,0.6962604166666667,0.7017696518994931
40000,16000,24000,40,Random Forest,DM (Doc2Vec),400,0.7311,0.7306114090847015,0.69609375,0.7016329341043046
40000,16000,24000,40,Random Forest,DM (Doc2Vec),350,0.730075,0.729383202645129,0.6949895833333334,0.7004546002658081
40000,16000,24000,40,Random Forest,DM (Doc2Vec),200,0.7279249999999999,0.7264514655701649,0.6929895833333333,0.69829725802679
40000,16000,24000,40,Random Forest,DM (Doc2Vec),250,0.727425,0.7258193138700731,0.6925104166666666,0.69779246340296
40000,16000,24000,40,Random Forest,DM (Doc2Vec),150,0.727025,0.7260587724711123,0.6914479166666666,0.6966890968901618
40000,16000,24000,40,Random Forest,DM (Doc2Vec),100,0.7239500000000001,0.7227904793708925,0.6877708333333332,0.692789123926538
40000,24000,16000,60,Random Forest,DM (Doc2Vec),400,0.715075,0.7087071251236419,0.6820208333333332,0.6865456036946378
40000,24000,16000,60,Random Forest,DM (Doc2Vec),450,0.7154499999999999,0.709837030758005,0.6817291666666666,0.6862463218897845
40000,24000,16000,60,Random Forest,DM (Doc2Vec),350,0.7154499999999999,0.7099801460180009,0.6815,0.686042364015268
40000,24000,16000,60,Random Forest,DM (Doc2Vec),500,0.715525,0.7102485729557193,0.6813125,0.6858422741204837
40000,24000,16000,60,Random Forest,DM (Doc2Vec),250,0.714275,0.7083627751780766,0.6804583333333334,0.6849078650484872
40000,24000,16000,60,Random Forest,DM (Doc2Vec),200,0.7136,0.7069840515627199,0.6804479166666667,0.6848737245010134
40000,24000,16000,60,Random Forest,DM (Doc2Vec),300,0.7135250000000001,0.7078238225703031,0.6793229166666667,0.6837169746495626
40000,24000,16000,60,Random Forest,DM (Doc2Vec),150,0.711625,0.7061357335926217,0.6765520833333334,0.6807921668492984
40000,12000,28000,30,Random Forest,DM (Doc2Vec),500,0.778625,0.7792632491211516,0.660517857142857,0.6777679858743364
40000,24000,16000,60,Random Forest,DM (Doc2Vec),100,0.70885,0.7029767978201944,0.6733958333333334,0.6774536121225407
40000,12000,28000,30,Random Forest,DM (Doc2Vec),400,0.7779,0.7771237417834154,0.6599285714285713,0.6770033532186901
40000,24000,16000,60,kNN (k=5),DM (Doc2Vec),400,0.6841,0.6739870380901491,0.6781145833333333,0.6751928973357282
40000,24000,16000,60,kNN (k=5),DM (Doc2Vec),450,0.684675,0.6737272899015406,0.6769687500000001,0.674818731202884
40000,12000,28000,30,Random Forest,DM (Doc2Vec),300,0.7770499999999999,0.7769656396183476,0.6579880952380953,0.6747025421692182
40000,12000,28000,30,Random Forest,DM (Doc2Vec),450,0.776425,0.7751932402046487,0.6575178571428573,0.6741166003057794
40000,24000,16000,60,kNN (k=5),DM (Doc2Vec),200,0.6839,0.6727920192238263,0.6758437500000001,0.6738382088081725
40000,24000,16000,60,kNN (k=5),DM (Doc2Vec),500,0.682875,0.6718180582558021,0.6749895833333333,0.6729169399033789
40000,12000,28000,30,Random Forest,DM (Doc2Vec),350,0.77625,0.7764754545671895,0.6563690476190477,0.6728179389093442
40000,24000,16000,60,kNN (k=5),DM (Doc2Vec),150,0.6819000000000001,0.6707517761179622,0.6737916666666666,0.6718048169028236
40000,20000,20000,50,kNN (k=5),DM (Doc2Vec),500,0.6738000000000001,0.6781813552923458,0.6738000000000001,0.6717873592366661
40000,20000,20000,50,kNN (k=5),DM (Doc2Vec),300,0.6738749999999999,0.6788289338878433,0.673875,0.6715959200632545
40000,12000,28000,30,Random Forest,DM (Doc2Vec),250,0.77455,0.7711858848167186,0.6553690476190476,0.671475090442356
40000,12000,28000,30,Random Forest,DM (Doc2Vec),200,0.775825,0.776960367157554,0.6550892857142857,0.6713084833232246
40000,20000,20000,50,kNN (k=5),DM (Doc2Vec),400,0.6728750000000001,0.6777676406024098,0.672875,0.670611543150969
40000,24000,16000,60,kNN (k=5),DM (Doc2Vec),300,0.6799999999999999,0.6693951759186122,0.673,0.6705045136692154
40000,20000,20000,50,kNN (k=5),DM (Doc2Vec),350,0.6722750000000002,0.6767167297644952,0.6722750000000002,0.6701980127785745
40000,24000,16000,60,kNN (k=5),DM (Doc2Vec),350,0.67965,0.6687889817005561,0.6722083333333334,0.6699177544839038
40000,12000,28000,30,Random Forest,DM (Doc2Vec),150,0.7751,0.7760835616222245,0.6538571428571428,0.6698187043528675
40000,20000,20000,50,kNN (k=5),DM (Doc2Vec),200,0.6716,0.6761635398757164,0.6716,0.6694566520155347
40000,20000,20000,50,kNN (k=5),DM (Doc2Vec),250,0.6715500000000001,0.6760328095951313,0.6715500000000001,0.6694349292483586
40000,16000,24000,40,kNN (k=5),DM (Doc2Vec),300,0.7023249999999999,0.6956983426126746,0.6657291666666667,0.6692590707553919
40000,24000,16000,60,kNN (k=5),DM (Doc2Vec),250,0.67635,0.6663342312093048,0.670375,0.6673877042137195
40000,16000,24000,40,kNN (k=5),DM (Doc2Vec),200,0.700375,0.6931616033279931,0.6638541666666666,0.6672661579359875
40000,20000,20000,50,kNN (k=5),DM (Doc2Vec),450,0.6697249999999999,0.6749755292355739,0.669725,0.6672270282752527
40000,16000,24000,40,kNN (k=5),DM (Doc2Vec),500,0.700225,0.6930186132072739,0.6636666666666666,0.667075717948952
40000,20000,20000,50,kNN (k=5),DM (Doc2Vec),150,0.6691499999999999,0.6739192109639978,0.6691499999999999,0.666862096232619
40000,16000,24000,40,kNN (k=5),DM (Doc2Vec),450,0.7004750000000001,0.6936666664219312,0.6634583333333334,0.6668194269594367
40000,12000,28000,30,Random Forest,DM (Doc2Vec),100,0.7734,0.7733396322682726,0.6513571428571429,0.6667837706227768
40000,16000,24000,40,kNN (k=5),DM (Doc2Vec),100,0.70025,0.6934144895913896,0.6632604166666667,0.6666151847813871
40000,24000,16000,60,kNN (k=5),DM (Doc2Vec),100,0.676375,0.6649804554848338,0.66784375,0.6659998284990898
40000,16000,24000,40,kNN (k=5),DM (Doc2Vec),400,0.698375,0.6901469236329492,0.6625520833333333,0.6659279110543812
40000,16000,24000,40,kNN (k=5),DM (Doc2Vec),350,0.6989249999999999,0.6913744941365648,0.6623749999999999,0.6657022357601934
40000,16000,24000,40,kNN (k=5),DM (Doc2Vec),150,0.6989,0.6913155110550344,0.6623333333333333,0.6656551616663121
40000,20000,20000,50,kNN (k=5),DM (Doc2Vec),100,0.6671750000000001,0.6705423498761751,0.6671750000000001,0.6655145959819981
40000,16000,24000,40,kNN (k=5),DM (Doc2Vec),250,0.6986749999999999,0.6909550155440851,0.6621979166666667,0.6655036582068616
40000,28000,12000,70,kNN (k=5),DM (Doc2Vec),500,0.728275,0.6725734676184757,0.6606011904761905,0.6653821959850215
40000,28000,12000,70,kNN (k=5),DM (Doc2Vec),250,0.728675,0.6728723784933797,0.6601964285714285,0.6652462430252042
40000,28000,12000,70,kNN (k=5),DM (Doc2Vec),450,0.727975,0.6720419406791196,0.6597440476190476,0.6646702132008787
40000,28000,12000,70,kNN (k=5),DM (Doc2Vec),300,0.726075,0.6700726454022565,0.6595773809523809,0.663900348668591
40000,28000,12000,70,kNN (k=5),DM (Doc2Vec),400,0.7258,0.6695111921887701,0.6583095238095238,0.6628653677319152
40000,28000,12000,70,kNN (k=5),DM (Doc2Vec),350,0.7253749999999999,0.6688853663595784,0.6574821428571428,0.6620551804520897
40000,28000,12000,70,kNN (k=5),DM (Doc2Vec),200,0.7225750000000002,0.6658180331420684,0.6561964285714286,0.660151612772653
40000,28000,12000,70,kNN (k=5),DM (Doc2Vec),150,0.72285,0.6658220683535628,0.6554404761904762,0.6596696811006196
40000,12000,28000,30,kNN (k=5),DM (Doc2Vec),400,0.752525,0.7123402811923905,0.6455416666666667,0.6580196686480004
40000,28000,12000,70,kNN (k=5),DM (Doc2Vec),100,0.7221,0.6646544664792216,0.6531190476190476,0.6576986961423303
40000,12000,28000,30,kNN (k=5),DM (Doc2Vec),250,0.7519750000000001,0.7120276785461661,0.6439345238095238,0.6562647419601191
40000,12000,28000,30,kNN (k=5),DM (Doc2Vec),350,0.7530749999999999,0.7152863196662378,0.6429345238095239,0.6553282533258729
40000,12000,28000,30,kNN (k=5),DM (Doc2Vec),450,0.751625,0.7116180747396739,0.6430892857142857,0.6553076854717442
40000,12000,28000,30,kNN (k=5),DM (Doc2Vec),500,0.751675,0.7118595394821742,0.6429583333333333,0.655178799666271
40000,12000,28000,30,kNN (k=5),DM (Doc2Vec),300,0.7515000000000001,0.7120065681035375,0.6418095238095238,0.653922720458225
40000,12000,28000,30,kNN (k=5),DM (Doc2Vec),200,0.75145,0.7119385503232539,0.6417261904761904,0.6538214541093359
40000,12000,28000,30,kNN (k=5),DM (Doc2Vec),100,0.7522249999999999,0.7141538876754702,0.641279761904762,0.6534197331718916
40000,12000,28000,30,kNN (k=5),DM (Doc2Vec),150,0.7502749999999999,0.7097042196007168,0.6404583333333334,0.6523099411857607
40000,20000,20000,50,Logistic Regression,DM (Doc2Vec),500,0.6498250000000001,0.6619157647214475,0.6498250000000001,0.6431703096679179
40000,20000,20000,50,Logistic Regression,DM (Doc2Vec),350,0.648425,0.6605068210763939,0.648425,0.6416821927628921
40000,20000,20000,50,Logistic Regression,DM (Doc2Vec),300,0.647875,0.6595514752684598,0.647875,0.6413149592918465
40000,20000,20000,50,Logistic Regression,DM (Doc2Vec),150,0.64795,0.6598161942742313,0.64795,0.6412904786451887
40000,20000,20000,50,Logistic Regression,DM (Doc2Vec),450,0.6477,0.659642293429396,0.6476999999999999,0.6409862530639909
40000,8000,32000,20,kNN (k=5),DM (Doc2Vec),400,0.8247250000000002,0.7437267075581602,0.618015625,0.640960326234514
40000,20000,20000,50,Logistic Regression,DM (Doc2Vec),200,0.6472,0.6589879190845398,0.6472,0.6405317223923952
40000,8000,32000,20,kNN (k=5),DM (Doc2Vec),500,0.8234,0.7385076070883209,0.6175625,0.6401207626935979
40000,8000,32000,20,kNN (k=5),DM (Doc2Vec),300,0.8238249999999999,0.7401580318682287,0.6172656249999999,0.6398391881912355
40000,20000,20000,50,Logistic Regression,DM (Doc2Vec),100,0.6461499999999999,0.6575973163062677,0.6461499999999999,0.6396076829112257
40000,20000,20000,50,Logistic Regression,DM (Doc2Vec),250,0.6461,0.6579414453063368,0.6461,0.639337788705984
40000,20000,20000,50,Logistic Regression,DM (Doc2Vec),400,0.645925,0.6579168647424418,0.645925,0.6390630082547364
40000,8000,32000,20,kNN (k=5),DM (Doc2Vec),250,0.8237249999999999,0.7409044845021177,0.6162656249999999,0.6387626370575081
40000,20000,20000,50,Support Vector Machines (SVM),DM (Doc2Vec),500,0.64665,0.6620008564670654,0.64665,0.6380747482571284
40000,20000,20000,50,Gaussian Naive Bayes,DM (Doc2Vec),200,0.64315,0.652582931063571,0.64315,0.6376876254530137
40000,20000,20000,50,Gaussian Naive Bayes,DM (Doc2Vec),350,0.643525,0.6540838578687002,0.643525,0.6373592546618629
40000,8000,32000,20,kNN (k=5),DM (Doc2Vec),350,0.823675,0.7413767704816416,0.614875,0.6371362936809452
40000,20000,20000,50,Support Vector Machines (SVM),DM (Doc2Vec),450,0.6457,0.660898712020118,0.6457,0.6371310482718584
40000,20000,20000,50,Support Vector Machines (SVM),DM (Doc2Vec),200,0.6454,0.659976063081627,0.6454,0.637127125161326
40000,8000,32000,20,kNN (k=5),DM (Doc2Vec),200,0.8241999999999999,0.7443621975690811,0.614265625,0.6366312558195489
40000,20000,20000,50,Support Vector Machines (SVM),DM (Doc2Vec),300,0.6448250000000001,0.659564505714894,0.6448250000000001,0.6364315342011894
40000,20000,20000,50,Support Vector Machines (SVM),DM (Doc2Vec),400,0.64465,0.6593321768161572,0.64465,0.636262102202157
40000,20000,20000,50,Gaussian Naive Bayes,DM (Doc2Vec),500,0.641775,0.6512640180486731,0.641775,0.6362493011313328
40000,20000,20000,50,Support Vector Machines (SVM),DM (Doc2Vec),150,0.6445000000000001,0.6593551531645735,0.6445000000000001,0.6360167412470605
40000,20000,20000,50,Support Vector Machines (SVM),DM (Doc2Vec),250,0.64405,0.6581685461641326,0.64405,0.6359198915185605
40000,20000,20000,50,Support Vector Machines (SVM),DM (Doc2Vec),350,0.64455,0.6597848173978861,0.64455,0.6358640863911159
40000,20000,20000,50,Gaussian Naive Bayes,DM (Doc2Vec),400,0.640575,0.649815780154158,0.640575,0.6351249698417419
40000,20000,20000,50,Gaussian Naive Bayes,DM (Doc2Vec),450,0.6413500000000001,0.6526827832873608,0.6413499999999999,0.6346841669811883
40000,20000,20000,50,Support Vector Machines (SVM),DM (Doc2Vec),100,0.6429250000000001,0.6571223221918322,0.6429250000000001,0.6346728673593747
40000,8000,32000,20,kNN (k=5),DM (Doc2Vec),450,0.8220000000000001,0.7354313720290856,0.61284375,0.6344167914550356
40000,8000,32000,20,kNN (k=5),DM (Doc2Vec),150,0.8220750000000001,0.7361221983022721,0.61265625,0.6342392518317588
40000,20000,20000,50,Gaussian Naive Bayes,DM (Doc2Vec),300,0.6402,0.6505648153918846,0.6402,0.6341705356152623
40000,32000,7999,80,kNN (k=5),DM (Doc2Vec),350,0.7983750000000001,0.6688420152455861,0.619125,0.6339313719603943
40000,20000,20000,50,Gaussian Naive Bayes,DM (Doc2Vec),250,0.640325,0.6537417555958294,0.640325,0.6323250168179296
40000,8000,32000,20,kNN (k=5),DM (Doc2Vec),100,0.8214,0.7340267254047157,0.61096875,0.632081062125246
40000,20000,20000,50,Gaussian Naive Bayes,DM (Doc2Vec),100,0.637475,0.6475115489263861,0.637475,0.6315752644404077
40000,12000,28000,30,Gaussian Naive Bayes,DM (Doc2Vec),100,0.6833500000000001,0.6411032865605304,0.6380833333333332,0.6305030489426546
40000,32000,7999,80,kNN (k=5),DM (Doc2Vec),300,0.798,0.6673501402968992,0.615515625,0.6303129167332138
40000,8000,32000,20,Random Forest,DM (Doc2Vec),500,0.8362,0.8367186920930776,0.60690625,0.6302381412189579
40000,32000,7999,80,kNN (k=5),DM (Doc2Vec),450,0.797025,0.665483335767068,0.61546875,0.6300106932601983
40000,28000,12000,70,Random Forest,DM (Doc2Vec),400,0.7541249999999999,0.7416177589513089,0.6217797619047619,0.6296929936120907
40000,20000,20000,50,Gaussian Naive Bayes,DM (Doc2Vec),150,0.636275,0.6477201303736067,0.636275,0.629167967081349
40000,32000,7999,80,kNN (k=5),DM (Doc2Vec),400,0.7945,0.6607893406333861,0.6152031250000001,0.6288963217190108
40000,32000,7999,80,kNN (k=5),DM (Doc2Vec),200,0.7963000000000001,0.6640745568273217,0.6141249999999999,0.6284863512590679
40000,28000,12000,70,Random Forest,DM (Doc2Vec),450,0.7533249999999999,0.7399978618955017,0.6206130952380953,0.6281836747274371
40000,32000,7999,80,kNN (k=5),DM (Doc2Vec),250,0.79625,0.6634893111230334,0.6134375000000001,0.6277723447441728
40000,28000,12000,70,Random Forest,DM (Doc2Vec),500,0.753725,0.7422703889043982,0.6203511904761905,0.6277707213586535
40000,32000,7999,80,kNN (k=5),DM (Doc2Vec),100,0.797725,0.665938720501673,0.61253125,0.627316875943699
40000,28000,12000,70,Random Forest,DM (Doc2Vec),200,0.75455,0.7465341563322474,0.6199642857142857,0.6271587773985117
40000,32000,7999,80,kNN (k=5),DM (Doc2Vec),500,0.7956749999999999,0.66224377736974,0.61190625,0.626124064060867
40000,8000,32000,20,Random Forest,DM (Doc2Vec),300,0.8352,0.8360501616841802,0.6039375,0.6260654476319687
40000,28000,12000,70,Random Forest,DM (Doc2Vec),250,0.7538,0.7450975774162054,0.6187857142857144,0.6256264417746207
40000,24000,16000,60,Logistic Regression,DM (Doc2Vec),250,0.6663,0.6526776294004258,0.6252291666666666,0.6253901159114683
40000,32000,7999,80,kNN (k=5),DM (Doc2Vec),150,0.7957999999999998,0.6619442901306847,0.611140625,0.6253425896067737
40000,8000,32000,20,Random Forest,DM (Doc2Vec),350,0.8351749999999999,0.8381227242957244,0.603265625,0.6251821189012627
40000,24000,16000,60,Logistic Regression,DM (Doc2Vec),200,0.6650250000000001,0.6507825816567443,0.6244583333333333,0.6246978887814274
40000,24000,16000,60,Logistic Regression,DM (Doc2Vec),150,0.665725,0.6520657221647963,0.6243333333333333,0.6243441794247857
40000,24000,16000,60,Logistic Regression,DM (Doc2Vec),300,0.6650750000000001,0.651030408239978,0.6241770833333333,0.6242982511388128
40000,24000,16000,60,Logistic Regression,DM (Doc2Vec),400,0.665575,0.6519063125301958,0.6241041666666667,0.6240849000994133
40000,28000,12000,70,Random Forest,DM (Doc2Vec),300,0.752525,0.7418523226747367,0.6174464285714286,0.6238843665031887
40000,8000,32000,20,Random Forest,DM (Doc2Vec),450,0.8344000000000001,0.8337941000405772,0.602265625,0.6236080285850804
40000,24000,16000,60,Logistic Regression,DM (Doc2Vec),100,0.6636,0.6491803803583688,0.6224999999999999,0.6224671368240104
40000,28000,12000,70,Random Forest,DM (Doc2Vec),350,0.7518750000000001,0.7411198367916905,0.6162202380952382,0.6223356548850968
40000,8000,32000,20,Random Forest,DM (Doc2Vec),400,0.834,0.8326437445189067,0.601265625,0.6222880297615376
40000,24000,16000,60,Logistic Regression,DM (Doc2Vec),500,0.6633500000000001,0.6489443873181315,0.6220833333333333,0.6219690869076112
40000,8000,32000,20,Random Forest,DM (Doc2Vec),250,0.8341749999999999,0.8365075628722568,0.600671875,0.621484264338414
40000,24000,16000,60,Logistic Regression,DM (Doc2Vec),350,0.662975,0.6486216177738877,0.6213750000000001,0.6211319257128437
40000,8000,32000,20,Random Forest,DM (Doc2Vec),200,0.8337749999999999,0.8330764043887815,0.600421875,0.6210513241906442
40000,24000,16000,60,Logistic Regression,DM (Doc2Vec),450,0.66245,0.6480011855487764,0.6206979166666666,0.6203557032699247
40000,8000,32000,20,Random Forest,DM (Doc2Vec),150,0.8331500000000001,0.8340002653950565,0.5982031250000001,0.6179647840275018
40000,24000,16000,60,Support Vector Machines (SVM),DM (Doc2Vec),250,0.663975,0.6526469576845985,0.6177812500000001,0.6156451225251809
40000,8000,32000,20,Random Forest,DM (Doc2Vec),100,0.83245,0.8320529691153066,0.59659375,0.6156120406478431
40000,24000,16000,60,Support Vector Machines (SVM),DM (Doc2Vec),300,0.663325,0.6514787651655795,0.6174791666666666,0.615464255956517
40000,24000,16000,60,Support Vector Machines (SVM),DM (Doc2Vec),400,0.663925,0.6526847916566487,0.6175937499999999,0.61539267176403
40000,28000,12000,70,Random Forest,DM (Doc2Vec),150,0.7489999999999999,0.7384532366595229,0.6102619047619048,0.6142059425470878
40000,24000,16000,60,Support Vector Machines (SVM),DM (Doc2Vec),200,0.6617249999999999,0.6491832842711476,0.6160833333333333,0.6140370888630892
40000,24000,16000,60,Support Vector Machines (SVM),DM (Doc2Vec),150,0.661725,0.6497787433579052,0.6151979166666666,0.6127188656168873
40000,24000,16000,60,Support Vector Machines (SVM),DM (Doc2Vec),450,0.6620250000000001,0.6503357457093673,0.6152708333333333,0.6126757075349817
40000,28000,12000,70,Random Forest,DM (Doc2Vec),100,0.747575,0.7341632724919278,0.6087916666666666,0.6123838951542487
40000,24000,16000,60,Support Vector Machines (SVM),DM (Doc2Vec),350,0.6603999999999999,0.6478469412365508,0.6140000000000001,0.6114685174882484
40000,24000,16000,60,Support Vector Machines (SVM),DM (Doc2Vec),500,0.6605500000000001,0.6483590109598902,0.6136874999999999,0.6109291598936708
40000,16000,24000,40,Logistic Regression,DM (Doc2Vec),300,0.673825,0.6803246868550271,0.6171770833333333,0.6091750835949191
40000,16000,24000,40,Logistic Regression,DM (Doc2Vec),250,0.673675,0.6801327381965457,0.617,0.6089670393009715
40000,16000,24000,40,Logistic Regression,DM (Doc2Vec),400,0.67295,0.6790842217855284,0.6161875,0.6079915231095872
40000,16000,24000,40,Logistic Regression,DM (Doc2Vec),150,0.6729499999999999,0.679139290115211,0.6161458333333334,0.6079073011422528
40000,24000,16000,60,Support Vector Machines (SVM),DM (Doc2Vec),100,0.65835,0.6460467652789875,0.6103854166666667,0.6068332945329249
40000,16000,24000,40,Logistic Regression,DM (Doc2Vec),200,0.67235,0.6785330877332797,0.6153229166666667,0.6068321056367945
40000,16000,24000,40,Logistic Regression,DM (Doc2Vec),450,0.672225,0.6783361142696154,0.6151979166666666,0.6066816435415383
40000,16000,24000,40,Logistic Regression,DM (Doc2Vec),350,0.6718249999999999,0.6775778092634225,0.6148333333333333,0.6062911566027804
40000,16000,24000,40,Logistic Regression,DM (Doc2Vec),500,0.67135,0.6767579705527547,0.6143750000000001,0.6058001986605293
40000,16000,24000,40,Logistic Regression,DM (Doc2Vec),100,0.6710749999999999,0.6763347589635671,0.6140625,0.60541759545997
40000,16000,24000,40,Support Vector Machines (SVM),DM (Doc2Vec),300,0.6705750000000001,0.6788059989702478,0.61184375,0.6016028330932022
40000,16000,24000,40,Support Vector Machines (SVM),DM (Doc2Vec),450,0.6708999999999999,0.6805095282759457,0.6116145833333333,0.6009142851242958
40000,16000,24000,40,Support Vector Machines (SVM),DM (Doc2Vec),200,0.6702250000000001,0.6790531602739712,0.6110625,0.6003889343075783
40000,16000,24000,40,Support Vector Machines (SVM),DM (Doc2Vec),350,0.6707249999999999,0.680547283066882,0.6112708333333334,0.6003755146716634
40000,16000,24000,40,Support Vector Machines (SVM),DM (Doc2Vec),250,0.67065,0.6806189491183441,0.61109375,0.6001034821455963
40000,16000,24000,40,Support Vector Machines (SVM),DM (Doc2Vec),400,0.67005,0.6793137816469254,0.6106041666666666,0.5996295514270559
40000,16000,24000,40,Support Vector Machines (SVM),DM (Doc2Vec),500,0.6690249999999999,0.6768216374149635,0.6099062500000001,0.5990954304691771
40000,16000,24000,40,Support Vector Machines (SVM),DM (Doc2Vec),100,0.669225,0.6780596444460623,0.6096770833333334,0.5984969462534572
40000,16000,24000,40,Support Vector Machines (SVM),DM (Doc2Vec),150,0.6689,0.6772134378465452,0.6095,0.5984241493080635
40000,24000,16000,60,Gaussian Naive Bayes,DM (Doc2Vec),300,0.639725,0.6286514091191636,0.6077708333333333,0.5967028990508013
40000,16000,24000,40,Perceptron,DM (Doc2Vec),150,0.643525,0.6297715128272202,0.6010416666666666,0.5958319565063169
40000,12000,28000,30,Perceptron,DM (Doc2Vec),450,0.69015,0.6255449207117267,0.5954642857142856,0.593686418944211
40000,24000,16000,60,Perceptron,DM (Doc2Vec),350,0.60875,0.6060159658512317,0.6019479166666667,0.5919565874285808
40000,24000,16000,60,Gaussian Naive Bayes,DM (Doc2Vec),350,0.6337999999999999,0.6205429281729086,0.60134375,0.5902880148993916
40000,24000,16000,60,Perceptron,DM (Doc2Vec),300,0.59325,0.6165894635843455,0.61371875,0.5893472979456281
40000,24000,16000,60,Perceptron,DM (Doc2Vec),150,0.6112,0.6203947776724038,0.6111979166666668,0.5876452686346731
40000,12000,28000,30,Logistic Regression,DM (Doc2Vec),150,0.736075,0.7123246666824126,0.5900059523809523,0.58670552987329
40000,36000,3999,90,kNN (k=5),DM (Doc2Vec),250,0.8970499999999999,0.6839587702063253,0.5651388888888889,0.5853815788533135
40000,12000,28000,30,Logistic Regression,DM (Doc2Vec),250,0.7355250000000001,0.7112203978082446,0.5890654761904763,0.5853794890141532
40000,12000,28000,30,Logistic Regression,DM (Doc2Vec),100,0.73505,0.7093769809207394,0.588845238095238,0.5852014440249427
40000,12000,28000,30,Logistic Regression,DM (Doc2Vec),200,0.73495,0.709605565823843,0.5884642857142858,0.5846190537157618
40000,4000,36000,10,kNN (k=5),DM (Doc2Vec),100,0.90565,0.773953662765116,0.5618055555555556,0.5841721030392796
40000,12000,28000,30,Logistic Regression,DM (Doc2Vec),400,0.735175,0.7111201848579357,0.5881488095238094,0.5839969425093345
40000,12000,28000,30,Logistic Regression,DM (Doc2Vec),450,0.734775,0.7095409395002441,0.5879345238095238,0.5838100044110963
40000,24000,16000,60,Gaussian Naive Bayes,DM (Doc2Vec),450,0.636125,0.6224129043898354,0.59665625,0.583394553052651
40000,12000,28000,30,Logistic Regression,DM (Doc2Vec),500,0.7347249999999999,0.7098490348346799,0.5876607142857142,0.5833752131694165
40000,4000,36000,10,kNN (k=5),DM (Doc2Vec),250,0.9059250000000001,0.7793089061890777,0.5610694444444445,0.5831538137977682
40000,12000,28000,30,Logistic Regression,DM (Doc2Vec),300,0.7339500000000001,0.7069422425238523,0.5871785714285714,0.5828977119170189
40000,12000,28000,30,Logistic Regression,DM (Doc2Vec),350,0.7339249999999999,0.7068579826829486,0.5871607142857143,0.5828798083330382
40000,24000,16000,60,Gaussian Naive Bayes,DM (Doc2Vec),500,0.634825,0.6196167576522468,0.5953645833333333,0.5824708236770052
40000,36000,3999,90,kNN (k=5),DM (Doc2Vec),500,0.8976000000000001,0.687125517408574,0.5627777777777777,0.5824490270356697
40000,4000,36000,10,kNN (k=5),DM (Doc2Vec),350,0.9054500000000001,0.7726103942839011,0.5603611111111111,0.5819815013319289
40000,12000,28000,30,Gaussian Naive Bayes,DM (Doc2Vec),400,0.608625,0.6188607829018848,0.6251369047619048,0.5819506286642356
40000,36000,3999,90,kNN (k=5),DM (Doc2Vec),300,0.8953999999999999,0.6731727584024421,0.5626666666666668,0.5815159784044127
40000,12000,28000,30,Gaussian Naive Bayes,DM (Doc2Vec),350,0.60915,0.6163794488945488,0.6223214285714286,0.5813467804792178
40000,4000,36000,10,kNN (k=5),DM (Doc2Vec),500,0.9050499999999999,0.7673026127443786,0.5598055555555556,0.5810811060421264
40000,4000,36000,10,kNN (k=5),DM (Doc2Vec),200,0.9054249999999999,0.7735735440928173,0.5596805555555557,0.5810289442120986
40000,12000,28000,30,Gaussian Naive Bayes,DM (Doc2Vec),250,0.60805,0.6159630600909373,0.6220119047619047,0.5806677239229128
40000,36000,3999,90,kNN (k=5),DM (Doc2Vec),400,0.8974250000000001,0.6851634739809942,0.5613472222222222,0.5804878180055288
40000,4000,36000,10,kNN (k=5),DM (Doc2Vec),150,0.9052749999999999,0.7710424817903588,0.5592638888888889,0.580333701232473
40000,4000,36000,10,kNN (k=5),DM (Doc2Vec),300,0.9058249999999999,0.7809651171771995,0.559125,0.5802871305207155
40000,4000,36000,10,kNN (k=5),DM (Doc2Vec),400,0.905125,0.7707633044612112,0.5588472222222223,0.5797138520799219
40000,28000,12000,70,Perceptron,DM (Doc2Vec),300,0.6784250000000001,0.5981298031300747,0.5840654761904762,0.5796688211693668
40000,24000,16000,60,Gaussian Naive Bayes,DM (Doc2Vec),200,0.634125,0.620117214129494,0.5935208333333334,0.579527433913288
40000,12000,28000,30,Gaussian Naive Bayes,DM (Doc2Vec),150,0.60655,0.6140874251984636,0.6196547619047619,0.5791455695864374
40000,36000,3999,90,kNN (k=5),DM (Doc2Vec),100,0.8980499999999999,0.6894091594517547,0.5598055555555556,0.578672433152061
40000,36000,3999,90,kNN (k=5),DM (Doc2Vec),450,0.8941749999999999,0.6640429737448704,0.560875,0.5786571119525048
40000,4000,36000,10,kNN (k=5),DM (Doc2Vec),450,0.9042999999999999,0.7578174119745512,0.5582777777777779,0.5785405739125511
40000,36000,3999,90,kNN (k=5),DM (Doc2Vec),350,0.8957499999999999,0.6728374276155337,0.5599722222222223,0.5780818417313613
40000,12000,28000,30,Support Vector Machines (SVM),DM (Doc2Vec),400,0.734375,0.7138825321050197,0.5843154761904762,0.577876649216767
40000,12000,28000,30,Support Vector Machines (SVM),DM (Doc2Vec),150,0.734625,0.7151944610244159,0.5843035714285714,0.5777413054625333
40000,12000,28000,30,Support Vector Machines (SVM),DM (Doc2Vec),250,0.7343,0.7142369633775999,0.583952380952381,0.5773039683824084
40000,12000,28000,30,Support Vector Machines (SVM),DM (Doc2Vec),200,0.733725,0.7118937708699965,0.5835892857142857,0.5769322334584824
40000,12000,28000,30,Support Vector Machines (SVM),DM (Doc2Vec),450,0.73375,0.7121036725304875,0.5835357142857143,0.5768348515125675
40000,36000,3999,90,kNN (k=5),DM (Doc2Vec),200,0.8963749999999999,0.6762231763327871,0.5587638888888888,0.5766248410617946
40000,12000,28000,30,Support Vector Machines (SVM),DM (Doc2Vec),500,0.733725,0.7127353695496235,0.5831130952380953,0.5761140003026133
40000,12000,28000,30,Support Vector Machines (SVM),DM (Doc2Vec),350,0.733725,0.7130067744548703,0.5830416666666667,0.5759947058073822
40000,24000,16000,60,Gaussian Naive Bayes,DM (Doc2Vec),400,0.63375,0.6180993765979397,0.5903750000000001,0.5757928271052902
40000,24000,16000,60,Gaussian Naive Bayes,DM (Doc2Vec),250,0.6369,0.6223391796573414,0.5914479166666667,0.5757423245775792
40000,12000,28000,30,Support Vector Machines (SVM),DM (Doc2Vec),100,0.73355,0.7122907839518515,0.5828452380952381,0.5757318628054066
40000,12000,28000,30,Support Vector Machines (SVM),DM (Doc2Vec),300,0.733225,0.7109652434562028,0.5826369047619048,0.5755266494673961
40000,24000,16000,60,Gaussian Naive Bayes,DM (Doc2Vec),150,0.63295,0.6171614450688333,0.5897291666666666,0.5744601081997099
40000,36000,3999,90,kNN (k=5),DM (Doc2Vec),150,0.8957499999999999,0.6703317890390231,0.5563055555555556,0.5731020983865743
40000,28000,12000,70,Gaussian Naive Bayes,DM (Doc2Vec),100,0.5778000000000001,0.6199178066603264,0.6368333333333334,0.572277958209902
40000,12000,28000,30,Perceptron,DM (Doc2Vec),300,0.632325,0.5923700997049824,0.5860892857142858,0.5720361784926669
40000,24000,16000,60,Gaussian Naive Bayes,DM (Doc2Vec),100,0.6304,0.6128859765357451,0.5860729166666667,0.5707073867136506
40000,8000,32000,20,Perceptron,DM (Doc2Vec),300,0.7631249999999999,0.6077487027740891,0.568546875,0.569634990216748
40000,28000,12000,70,Gaussian Naive Bayes,DM (Doc2Vec),450,0.571925,0.6254600043896111,0.6405892857142857,0.5683179039589016
40000,12000,28000,30,Gaussian Naive Bayes,DM (Doc2Vec),500,0.5905750000000001,0.6146706075477365,0.6195297619047618,0.5674990675445771
40000,36000,3999,90,Gaussian Naive Bayes,DM (Doc2Vec),100,0.8181749999999999,0.5720342088154605,0.5863194444444445,0.5672097139697325
40000,28000,12000,70,Gaussian Naive Bayes,DM (Doc2Vec),500,0.570175,0.6240917401045732,0.6387916666666665,0.5665097114948516
40000,20000,20000,50,Perceptron,DM (Doc2Vec),300,0.594025,0.6241574364800617,0.594025,0.5662111765819152
40000,28000,12000,70,Gaussian Naive Bayes,DM (Doc2Vec),200,0.5690250000000001,0.6233829732520133,0.6381607142857143,0.5656538223338288
40000,28000,12000,70,Gaussian Naive Bayes,DM (Doc2Vec),300,0.567575,0.6225193440760086,0.6369821428571429,0.5642429104868434
40000,12000,28000,30,Gaussian Naive Bayes,DM (Doc2Vec),300,0.5865499999999999,0.6101628335682744,0.6154880952380952,0.5640008308446754
40000,28000,12000,70,Gaussian Naive Bayes,DM (Doc2Vec),150,0.567175,0.6217033091363275,0.6362440476190476,0.5638573346474945
40000,12000,28000,30,Gaussian Naive Bayes,DM (Doc2Vec),200,0.58865,0.6113332261822316,0.614654761904762,0.5638519300534235
40000,20000,20000,50,Perceptron,DM (Doc2Vec),150,0.582475,0.6034252986446653,0.582475,0.563523299626362
40000,32000,7999,80,Perceptron,DM (Doc2Vec),350,0.78345,0.627426137325938,0.5630624999999999,0.5631469038611738
40000,28000,12000,70,Gaussian Naive Bayes,DM (Doc2Vec),350,0.5654750000000001,0.6257769865827696,0.6394107142857143,0.5629988209394076
40000,32000,7999,80,Gaussian Naive Bayes,DM (Doc2Vec),250,0.66415,0.5984969632028873,0.6107968749999999,0.5616873044989835
40000,32000,7999,80,Gaussian Naive Bayes,DM (Doc2Vec),400,0.659575,0.5996389649546827,0.612765625,0.5615882555761862
40000,32000,7999,80,Gaussian Naive Bayes,DM (Doc2Vec),350,0.6600499999999999,0.5991608194378832,0.612546875,0.5612786613933277
40000,16000,24000,40,Perceptron,DM (Doc2Vec),500,0.6344999999999998,0.6171399708059147,0.5807604166666667,0.5597998909653448
40000,28000,12000,70,Perceptron,DM (Doc2Vec),350,0.69995,0.6198131651714083,0.5653452380952381,0.5597864973196848
40000,28000,12000,70,Gaussian Naive Bayes,DM (Doc2Vec),250,0.5623,0.6214884922467901,0.6346904761904761,0.5595313627252538
40000,32000,7999,80,Perceptron,DM (Doc2Vec),400,0.7716750000000001,0.6179150847957162,0.562171875,0.559331640622134
40000,32000,7999,80,Gaussian Naive Bayes,DM (Doc2Vec),150,0.671975,0.6002224418755157,0.605421875,0.5592761607937029
40000,20000,20000,50,Perceptron,DM (Doc2Vec),100,0.586825,0.6165014222998166,0.5868249999999999,0.5590065663988802
40000,28000,12000,70,Logistic Regression,DM (Doc2Vec),450,0.726775,0.6968754629651578,0.5715297619047619,0.5589370957212562
40000,4000,36000,10,Random Forest,DM (Doc2Vec),450,0.9079750000000001,0.9033762206382177,0.5445416666666667,0.5576199823582229
40000,32000,7999,80,Gaussian Naive Bayes,DM (Doc2Vec),450,0.674525,0.6039451836431211,0.6047187500000001,0.557537098246013
40000,36000,3999,90,Perceptron,DM (Doc2Vec),250,0.8553999999999998,0.5755017909634303,0.5542222222222222,0.5573340907769279
40000,32000,7999,80,Gaussian Naive Bayes,DM (Doc2Vec),300,0.67305,0.5999378918278928,0.602625,0.5566772955326897
40000,36000,3999,90,Perceptron,DM (Doc2Vec),100,0.8599499999999999,0.5702559265143241,0.5534166666666668,0.5564485133394598
40000,32000,7999,80,Gaussian Naive Bayes,DM (Doc2Vec),500,0.6764499999999999,0.6045090187923179,0.60240625,0.5560439553811025
40000,28000,12000,70,Gaussian Naive Bayes,DM (Doc2Vec),400,0.557775,0.6239050091630922,0.6356011904761905,0.555951590947487
40000,32000,7999,80,Random Forest,DM (Doc2Vec),500,0.8191,0.8202282309664286,0.5577343750000001,0.5552113144109571
40000,28000,12000,70,Logistic Regression,DM (Doc2Vec),250,0.72615,0.6978046758515982,0.569202380952381,0.5550446922017063
40000,28000,12000,70,Perceptron,DM (Doc2Vec),200,0.6595,0.6223556314924794,0.5782142857142858,0.5540219992053036
40000,32000,7999,80,Perceptron,DM (Doc2Vec),500,0.7671250000000001,0.6062787325496524,0.5578749999999999,0.5536048971539758
40000,28000,12000,70,Logistic Regression,DM (Doc2Vec),400,0.725025,0.6952851615405595,0.5675178571428571,0.5525637266510559
40000,28000,12000,70,Logistic Regression,DM (Doc2Vec),300,0.724975,0.6945390446852933,0.5674583333333334,0.5524432944369775
40000,4000,36000,10,Random Forest,DM (Doc2Vec),500,0.9071999999999999,0.8891062991087135,0.5415555555555557,0.5524375066832959
40000,4000,36000,10,Random Forest,DM (Doc2Vec),400,0.907525,0.9066865860037618,0.5415138888888889,0.5524133675187521
40000,28000,12000,70,Logistic Regression,DM (Doc2Vec),350,0.7246750000000001,0.6930343313002851,0.5672916666666666,0.552393964628388
40000,28000,12000,70,Logistic Regression,DM (Doc2Vec),200,0.7254,0.6966023954577911,0.5675238095238095,0.552289397336052
40000,12000,28000,30,Perceptron,DM (Doc2Vec),150,0.6488999999999999,0.6073893571747078,0.5739761904761905,0.5521909006100308
40000,28000,12000,70,Logistic Regression,DM (Doc2Vec),150,0.726775,0.7039068778637112,0.5678630952380953,0.55209607824111
40000,4000,36000,10,Random Forest,DM (Doc2Vec),250,0.907525,0.9097223978267914,0.5412916666666666,0.5520126878492608
40000,32000,7999,80,Random Forest,DM (Doc2Vec),350,0.8181499999999999,0.8144543455785083,0.5557812500000001,0.5519944078198008
40000,4000,36000,10,Random Forest,DM (Doc2Vec),350,0.907275,0.8971299840083716,0.5411527777777777,0.5517787682500932
40000,28000,12000,70,Logistic Regression,DM (Doc2Vec),500,0.7256250000000001,0.6990583659017297,0.5671130952380953,0.5512885593617676
40000,32000,7999,80,Gaussian Naive Bayes,DM (Doc2Vec),200,0.681625,0.601686882347638,0.5945781250000001,0.5503924200430614
40000,4000,36000,10,Random Forest,DM (Doc2Vec),300,0.9071999999999999,0.9017278033527599,0.5402222222222223,0.5501393416590239
40000,36000,3999,90,Perceptron,DM (Doc2Vec),400,0.8886749999999999,0.620631920052166,0.5409305555555555,0.5498705274114076
40000,28000,12000,70,Logistic Regression,DM (Doc2Vec),100,0.725775,0.7024570173514014,0.5659821428571428,0.5491230252717394
40000,32000,7999,80,Random Forest,DM (Doc2Vec),450,0.817725,0.8166398221326094,0.5540156250000001,0.5489456708418439
40000,4000,36000,10,Random Forest,DM (Doc2Vec),200,0.907175,0.9099595223935955,0.5393194444444445,0.5485685511954506
40000,32000,7999,80,Random Forest,DM (Doc2Vec),400,0.817325,0.8138924301742095,0.55325,0.5476950939531902
40000,32000,7999,80,Random Forest,DM (Doc2Vec),300,0.81685,0.8064779198494628,0.5530937499999999,0.5476076100827645
40000,4000,36000,10,Random Forest,DM (Doc2Vec),150,0.9070750000000001,0.9102182105851766,0.5387083333333332,0.5474972591827058
40000,12000,28000,30,Gaussian Naive Bayes,DM (Doc2Vec),450,0.5662999999999999,0.6080863402293988,0.611095238095238,0.5471384441828727
40000,32000,7999,80,Random Forest,DM (Doc2Vec),150,0.8175250000000001,0.8209308676388127,0.55271875,0.5466479696806186
40000,24000,16000,60,Perceptron,DM (Doc2Vec),450,0.572275,0.6135505922082701,0.5891458333333334,0.5460935501886166
40000,20000,20000,50,Perceptron,DM (Doc2Vec),350,0.5837749999999999,0.620027289671788,0.5837749999999999,0.5459926312056778
40000,36000,3999,90,Perceptron,DM (Doc2Vec),200,0.8400000000000001,0.5890449094349043,0.5546666666666666,0.5454927678677868
40000,24000,16000,60,Perceptron,DM (Doc2Vec),200,0.599225,0.6193348852846642,0.5832187499999999,0.5454832016091025
40000,28000,12000,70,Perceptron,DM (Doc2Vec),500,0.6537499999999999,0.584649502891887,0.5648928571428572,0.5452970290048114
40000,32000,7999,80,Gaussian Naive Bayes,DM (Doc2Vec),100,0.692375,0.6023680792037991,0.5874687499999999,0.5446768115285241
40000,4000,36000,10,Random Forest,DM (Doc2Vec),100,0.906725,0.9090093684499123,0.5368472222222221,0.5441932164023485
40000,32000,7999,80,Random Forest,DM (Doc2Vec),200,0.81695,0.8196223889411481,0.5511874999999999,0.544041305245414
40000,12000,28000,30,Perceptron,DM (Doc2Vec),500,0.6329,0.6160627367661411,0.5803809523809523,0.543739626427399
40000,12000,28000,30,Perceptron,DM (Doc2Vec),350,0.7053,0.6271830430371331,0.5566904761904763,0.5433796670257018
40000,8000,32000,20,Perceptron,DM (Doc2Vec),150,0.7604500000000001,0.5894970934431697,0.5507500000000001,0.5428883916240419
40000,36000,3999,90,Perceptron,DM (Doc2Vec),450,0.794875,0.5548090707417941,0.5751527777777777,0.54251953377407
40000,24000,16000,60,Perceptron,DM (Doc2Vec),250,0.5955,0.6181035815175777,0.58059375,0.5423802039342503
40000,12000,28000,30,Perceptron,DM (Doc2Vec),100,0.64975,0.6212978416887914,0.5734642857142858,0.5422889783839887
40000,20000,20000,50,Perceptron,DM (Doc2Vec),450,0.577325,0.6073951074699437,0.577325,0.5418592848532585
40000,12000,28000,30,Perceptron,DM (Doc2Vec),400,0.663725,0.6097581515953572,0.5660654761904762,0.5410096919633438
40000,8000,32000,20,Perceptron,DM (Doc2Vec),100,0.7531000000000001,0.5666680962000736,0.5412812499999999,0.5409778837424855
40000,8000,32000,20,Logistic Regression,DM (Doc2Vec),150,0.80755,0.7078728091705482,0.547328125,0.540873308722565
40000,8000,32000,20,Logistic Regression,DM (Doc2Vec),250,0.8064,0.6995134925538433,0.546046875,0.5390462411525746
40000,8000,32000,20,Perceptron,DM (Doc2Vec),350,0.77225,0.5735454247660633,0.5443906249999999,0.538982987432748
40000,36000,3999,90,Gaussian Naive Bayes,DM (Doc2Vec),350,0.70005,0.5619103959072301,0.6368055555555555,0.5388188090366924
40000,8000,32000,20,Logistic Regression,DM (Doc2Vec),100,0.8067,0.7026598536297921,0.5458125,0.5385188048560394
40000,16000,24000,40,Perceptron,DM (Doc2Vec),250,0.5974,0.6012570081326126,0.5708645833333333,0.5383690224091444
40000,8000,32000,20,Logistic Regression,DM (Doc2Vec),300,0.8066000000000001,0.701904779238429,0.5456093750000001,0.5382100893384968
40000,28000,12000,70,Perceptron,DM (Doc2Vec),400,0.5786250000000001,0.6063411586397893,0.5942083333333332,0.5378913691329807
40000,8000,32000,20,Logistic Regression,DM (Doc2Vec),200,0.8061,0.6979616111974283,0.5451562499999999,0.537566944723875
40000,8000,32000,20,Logistic Regression,DM (Doc2Vec),400,0.8063500000000001,0.6999778398891188,0.5451250000000001,0.5374345939642073
40000,8000,32000,20,Logistic Regression,DM (Doc2Vec),350,0.806625,0.7028379619329552,0.54515625,0.5373651572970048
40000,8000,32000,20,Logistic Regression,DM (Doc2Vec),500,0.8062250000000001,0.699430994430514,0.544765625,0.536805222832396
40000,8000,32000,20,Logistic Regression,DM (Doc2Vec),450,0.806775,0.7047791912313549,0.5446875,0.5364339270996178
40000,36000,3999,90,Gaussian Naive Bayes,DM (Doc2Vec),150,0.7096250000000001,0.5546713967612555,0.6162361111111112,0.5351744817669288
40000,16000,24000,40,Perceptron,DM (Doc2Vec),450,0.5936250000000001,0.6015205195196519,0.5686666666666667,0.5350771830771687
40000,24000,16000,60,Perceptron,DM (Doc2Vec),100,0.596875,0.5913248015404233,0.5618333333333333,0.5345576321371379
40000,28000,12000,70,Perceptron,DM (Doc2Vec),450,0.6747249999999999,0.6208997054348699,0.5625416666666666,0.5345551993972265
40000,32000,7999,80,Perceptron,DM (Doc2Vec),150,0.70555,0.5915588443039225,0.566546875,0.5344823690202897
40000,32000,7999,80,Random Forest,DM (Doc2Vec),250,0.815325,0.8233303335541026,0.545625,0.5341911134309661
40000,8000,32000,20,Perceptron,DM (Doc2Vec),200,0.780575,0.6213068860989687,0.5415781249999999,0.5336889627041681
40000,16000,24000,40,Perceptron,DM (Doc2Vec),350,0.621075,0.6040324555045724,0.5614479166666666,0.5335887590586798
40000,32000,7999,80,Random Forest,DM (Doc2Vec),100,0.8148500000000001,0.8156978392838278,0.5451875,0.5335799376836409
40000,16000,24000,40,Perceptron,DM (Doc2Vec),300,0.5883499999999999,0.605880254692822,0.5733645833333333,0.5334994540941382
40000,8000,32000,20,Support Vector Machines (SVM),DM (Doc2Vec),500,0.8074,0.712818953338518,0.543203125,0.5334600540529413
40000,16000,24000,40,Perceptron,DM (Doc2Vec),400,0.5948499999999999,0.6128455539337836,0.5705,0.5333925408889083
40000,36000,3999,90,Gaussian Naive Bayes,DM (Doc2Vec),200,0.688775,0.5595474742269335,0.6358750000000001,0.5333830432011812
40000,8000,32000,20,Perceptron,DM (Doc2Vec),450,0.7152,0.5698097145189207,0.5482031249999999,0.5332855661510225
40000,8000,32000,20,Support Vector Machines (SVM),DM (Doc2Vec),250,0.8069000000000001,0.7087420237162105,0.5425625000000001,0.5325209467155695
40000,8000,32000,20,Support Vector Machines (SVM),DM (Doc2Vec),400,0.8067500000000001,0.7077869895264216,0.542140625,0.531812251795966
40000,8000,32000,20,Support Vector Machines (SVM),DM (Doc2Vec),300,0.8071499999999998,0.7119201277956456,0.542109375,0.5315707267928672
40000,28000,12000,70,Perceptron,DM (Doc2Vec),250,0.627275,0.6279560776867951,0.5809107142857142,0.5315069116848449
40000,8000,32000,20,Support Vector Machines (SVM),DM (Doc2Vec),150,0.8068,0.7079638381561698,0.5419375000000001,0.5313893311239728
40000,8000,32000,20,Support Vector Machines (SVM),DM (Doc2Vec),350,0.8072250000000001,0.7131602105061357,0.542015625,0.5313445543215771
40000,36000,3999,90,Gaussian Naive Bayes,DM (Doc2Vec),450,0.6847749999999999,0.5587105214112127,0.6356527777777777,0.5312450901301231
40000,8000,32000,20,Support Vector Machines (SVM),DM (Doc2Vec),450,0.8068500000000001,0.7101101176846625,0.5414531250000001,0.5304284679291877
40000,36000,3999,90,Gaussian Naive Bayes,DM (Doc2Vec),400,0.6790499999999999,0.5599645248676964,0.6408055555555555,0.5300276338835085
40000,8000,32000,20,Support Vector Machines (SVM),DM (Doc2Vec),200,0.806325,0.7047304023351563,0.5408906250000001,0.5296593946538453
40000,24000,16000,60,Perceptron,DM (Doc2Vec),500,0.5849250000000001,0.5993929320246403,0.5721666666666666,0.5296074510434066
40000,8000,32000,20,Perceptron,DM (Doc2Vec),500,0.7623749999999999,0.593471095516362,0.5473125000000001,0.5281216872284864
40000,32000,7999,80,Logistic Regression,DM (Doc2Vec),300,0.810375,0.7543130885966856,0.541078125,0.5279447980909706
40000,4000,36000,10,Perceptron,DM (Doc2Vec),350,0.8741749999999999,0.5575458238217388,0.527986111111111,0.5276401027331772
40000,4000,36000,10,Perceptron,DM (Doc2Vec),150,0.8658250000000001,0.5540079194052788,0.5290138888888889,0.5271980065704187
40000,8000,32000,20,Support Vector Machines (SVM),DM (Doc2Vec),100,0.8061,0.7056997141750938,0.5393437499999999,0.5269142866749509
40000,32000,7999,80,Logistic Regression,DM (Doc2Vec),350,0.81005,0.7523990035293654,0.540359375,0.5267212270481249
40000,12000,28000,30,Perceptron,DM (Doc2Vec),200,0.64235,0.6180059588488866,0.5647261904761905,0.5266702754584246
40000,32000,7999,80,Logistic Regression,DM (Doc2Vec),400,0.810375,0.7583986115449249,0.540140625,0.5260964680352248
40000,32000,7999,80,Perceptron,DM (Doc2Vec),100,0.78445,0.6064491994130244,0.538140625,0.5260331651096611
40000,4000,36000,10,Perceptron,DM (Doc2Vec),500,0.86945,0.5665565077723518,0.5326944444444445,0.5259324248476187
40000,20000,20000,50,Perceptron,DM (Doc2Vec),200,0.5735750000000001,0.6184061418989608,0.5735750000000001,0.5258230718238941
40000,32000,7999,80,Logistic Regression,DM (Doc2Vec),250,0.809725,0.7497104004926458,0.53978125,0.5257782851627918
40000,32000,7999,80,Logistic Regression,DM (Doc2Vec),150,0.8095500000000001,0.7480683136993138,0.539390625,0.5250853478715252
40000,4000,36000,10,Perceptron,DM (Doc2Vec),100,0.8045,0.5384803490143049,0.5429444444444445,0.5247405783142299
40000,36000,3999,90,Gaussian Naive Bayes,DM (Doc2Vec),300,0.6632,0.5594886491744981,0.6454444444444445,0.5241274657872476
40000,36000,3999,90,Perceptron,DM (Doc2Vec),350,0.873075,0.606130951655421,0.525375,0.5238693588767193
40000,32000,7999,80,Logistic Regression,DM (Doc2Vec),500,0.8092750000000001,0.7469455082982088,0.5385156249999999,0.5235864910518578
40000,28000,12000,70,Perceptron,DM (Doc2Vec),100,0.645675,0.6023567447011026,0.5509821428571429,0.5231162213110656
40000,32000,7999,80,Logistic Regression,DM (Doc2Vec),450,0.809075,0.7464439371126159,0.5378281250000001,0.5223353220757974
40000,36000,3999,90,Perceptron,DM (Doc2Vec),500,0.871725,0.5907237632242974,0.5332916666666666,0.5221368651950585
40000,36000,3999,90,Gaussian Naive Bayes,DM (Doc2Vec),500,0.6623749999999999,0.5580296552844916,0.6408750000000001,0.5219257904327738
40000,20000,20000,50,Perceptron,DM (Doc2Vec),250,0.564175,0.6028837420459935,0.564175,0.5219143569377206
40000,32000,7999,80,Logistic Regression,DM (Doc2Vec),200,0.8087250000000001,0.7418658242488873,0.5372812499999999,0.5214023169125795
40000,28000,12000,70,Support Vector Machines (SVM),DM (Doc2Vec),450,0.72425,0.7392999442726709,0.5514166666666667,0.519603016274883
40000,36000,3999,90,Logistic Regression,DM (Doc2Vec),500,0.901775,0.7632738388798997,0.5225416666666667,0.5189995906236146
40000,16000,24000,40,Perceptron,DM (Doc2Vec),200,0.599075,0.5956814546110448,0.55796875,0.5186270675214306
40000,4000,36000,10,Perceptron,DM (Doc2Vec),450,0.8239750000000001,0.5298823105296611,0.532875,0.5185534415812743
40000,16000,24000,40,Perceptron,DM (Doc2Vec),100,0.564375,0.5796258262706498,0.5563125,0.5185313287559875
40000,36000,3999,90,Perceptron,DM (Doc2Vec),150,0.87935,0.5692271753071352,0.5205277777777778,0.5183577159654513
40000,32000,7999,80,Logistic Regression,DM (Doc2Vec),100,0.80805,0.7382439520943249,0.5354531249999999,0.518209078670654
40000,32000,7999,80,Perceptron,DM (Doc2Vec),250,0.724925,0.6094705676972691,0.553484375,0.5172575774266196
40000,36000,3999,90,Logistic Regression,DM (Doc2Vec),250,0.90145,0.7521789186406073,0.5213611111111112,0.5168866275315981
40000,36000,3999,90,Gaussian Naive Bayes,DM (Doc2Vec),250,0.6531250000000001,0.556142754850027,0.6400694444444445,0.5167178569679768
40000,36000,3999,90,Logistic Regression,DM (Doc2Vec),450,0.9011750000000001,0.745265442839686,0.5210972222222223,0.5164866098611363
40000,20000,20000,50,Perceptron,DM (Doc2Vec),500,0.559825,0.5935874596035016,0.559825,0.5160251072854468
40000,36000,3999,90,Logistic Regression,DM (Doc2Vec),350,0.9013500000000001,0.7493384048920453,0.5208611111111112,0.5159741456152018
40000,36000,3999,90,Logistic Regression,DM (Doc2Vec),400,0.9013500000000001,0.7494057139456138,0.5208611111111111,0.5159604332302632
40000,8000,32000,20,Perceptron,DM (Doc2Vec),250,0.72895,0.5663957093480574,0.52496875,0.5155233946622537
40000,36000,3999,90,Logistic Regression,DM (Doc2Vec),100,0.90115,0.7417118016073715,0.5205277777777779,0.5154066802724667
40000,36000,3999,90,Logistic Regression,DM (Doc2Vec),150,0.9011750000000001,0.7435564787593012,0.5204305555555555,0.5152134578238852
40000,36000,3999,90,Logistic Regression,DM (Doc2Vec),200,0.9012,0.7446445629206309,0.5203333333333333,0.5150191429636017
40000,28000,12000,70,Support Vector Machines (SVM),DM (Doc2Vec),250,0.7227,0.7355840767853803,0.5486666666666666,0.5148019369955226
40000,4000,36000,10,Perceptron,DM (Doc2Vec),200,0.874625,0.5423679978427893,0.5182361111111111,0.5144655176206634
40000,28000,12000,70,Support Vector Machines (SVM),DM (Doc2Vec),350,0.722675,0.7374503519749014,0.5482916666666666,0.5139508605899862
40000,28000,12000,70,Support Vector Machines (SVM),DM (Doc2Vec),500,0.7225499999999999,0.7368071423268178,0.5482023809523809,0.5138228046511071
40000,4000,36000,10,Perceptron,DM (Doc2Vec),250,0.8552500000000001,0.5491855917762667,0.5196944444444445,0.5133354101529022
40000,36000,3999,90,Perceptron,DM (Doc2Vec),300,0.8943749999999999,0.6375632178763871,0.5195416666666667,0.5132708711871254
40000,28000,12000,70,Support Vector Machines (SVM),DM (Doc2Vec),300,0.7221,0.734925284991945,0.5475238095238095,0.5127107647494709
40000,28000,12000,70,Support Vector Machines (SVM),DM (Doc2Vec),200,0.7222249999999999,0.7364101896901646,0.5474702380952381,0.5124694926789143
40000,28000,12000,70,Support Vector Machines (SVM),DM (Doc2Vec),400,0.7222999999999999,0.7380648152240672,0.5474285714285715,0.5122866408212523
40000,36000,3999,90,Logistic Regression,DM (Doc2Vec),300,0.90075,0.7325231546618116,0.5186388888888889,0.5119488359909166
40000,28000,12000,70,Support Vector Machines (SVM),DM (Doc2Vec),150,0.721475,0.7319730851574515,0.5465773809523811,0.5111025053506081
40000,4000,36000,10,Perceptron,DM (Doc2Vec),300,0.8791249999999999,0.5428761726510016,0.5155138888888888,0.5102989907311003
40000,20000,20000,50,Perceptron,DM (Doc2Vec),400,0.5666500000000001,0.623055570704194,0.5666499999999999,0.5095091187238946
40000,36000,3999,90,Random Forest,DM (Doc2Vec),500,0.90295,0.876220151402441,0.5174166666666667,0.5084592540713648
40000,12000,28000,30,Perceptron,DM (Doc2Vec),250,0.7006749999999999,0.6047024929689073,0.5386488095238096,0.5078531683319707
40000,28000,12000,70,Support Vector Machines (SVM),DM (Doc2Vec),100,0.72095,0.7394528237282925,0.54425,0.506150842805717
40000,24000,16000,60,Perceptron,DM (Doc2Vec),400,0.612525,0.5945527429269404,0.5427708333333333,0.5058902556057328
40000,36000,3999,90,Random Forest,DM (Doc2Vec),350,0.9026500000000001,0.8753394322372305,0.5159166666666667,0.505607387390754
40000,28000,12000,70,Perceptron,DM (Doc2Vec),150,0.651775,0.6295965834024114,0.5537202380952382,0.5052211639114043
40000,4000,36000,10,Perceptron,DM (Doc2Vec),400,0.8495250000000001,0.5316867819352126,0.5127361111111112,0.5051766975955545
40000,36000,3999,90,Random Forest,DM (Doc2Vec),450,0.9024749999999999,0.8705767222285473,0.5150416666666666,0.5039383420821897
40000,36000,3999,90,Random Forest,DM (Doc2Vec),400,0.9025500000000001,0.8814460002365158,0.5149722222222222,0.5037495049519355
40000,32000,7999,80,Support Vector Machines (SVM),DM (Doc2Vec),300,0.80715,0.7554615318675049,0.527671875,0.5027391504380041
40000,32000,7999,80,Support Vector Machines (SVM),DM (Doc2Vec),350,0.80715,0.7580540520498229,0.52725,0.5018328771705309
40000,8000,32000,20,Perceptron,DM (Doc2Vec),400,0.718175,0.5686996193275021,0.5261093749999999,0.5017875781914619
40000,36000,3999,90,Random Forest,DM (Doc2Vec),150,0.9023749999999999,0.8827096415835884,0.5137638888888889,0.5013709547994287
40000,32000,7999,80,Support Vector Machines (SVM),DM (Doc2Vec),400,0.8071249999999999,0.7602600253760644,0.5269062499999999,0.501116624572051
40000,36000,3999,90,Support Vector Machines (SVM),DM (Doc2Vec),350,0.90115,0.7687901201954651,0.5131944444444444,0.5009602040901701
40000,36000,3999,90,Support Vector Machines (SVM),DM (Doc2Vec),450,0.900825,0.7536285110751958,0.5126805555555556,0.5001238493891872
40000,36000,3999,90,Support Vector Machines (SVM),DM (Doc2Vec),250,0.901175,0.7709844561900763,0.5126527777777778,0.4998253799168328
40000,36000,3999,90,Support Vector Machines (SVM),DM (Doc2Vec),400,0.9010999999999999,0.7720317486788194,0.5126111111111111,0.4998096756277664
40000,36000,3999,90,Support Vector Machines (SVM),DM (Doc2Vec),500,0.9008499999999999,0.7545258447526677,0.5124722222222223,0.49967731545767835
40000,36000,3999,90,Support Vector Machines (SVM),DM (Doc2Vec),300,0.9008249999999999,0.747320110517577,0.5124583333333333,0.4996566902690079
40000,32000,7999,80,Support Vector Machines (SVM),DM (Doc2Vec),250,0.806875,0.7596562851927319,0.526046875,0.49945853976276045
40000,32000,7999,80,Support Vector Machines (SVM),DM (Doc2Vec),500,0.8064,0.7492333105969422,0.525703125,0.4991013852321952
40000,36000,3999,90,Support Vector Machines (SVM),DM (Doc2Vec),200,0.9009,0.7561958206772761,0.5121666666666667,0.49902286886900155
40000,36000,3999,90,Random Forest,DM (Doc2Vec),200,0.90215,0.8835407610781074,0.5125277777777777,0.498956188331417
40000,36000,3999,90,Support Vector Machines (SVM),DM (Doc2Vec),150,0.9011250000000001,0.7764160761708621,0.5121805555555555,0.49891241246253326
40000,32000,7999,80,Support Vector Machines (SVM),DM (Doc2Vec),450,0.8065749999999999,0.7546447249627495,0.525625,0.49878461701639665
40000,36000,3999,90,Random Forest,DM (Doc2Vec),300,0.9021750000000001,0.9002897466514762,0.5123194444444445,0.4985036013199277
40000,4000,36000,10,Logistic Regression,DM (Doc2Vec),100,0.898,0.6339666043253395,0.5109999999999999,0.4984046984857839
40000,4000,36000,10,Logistic Regression,DM (Doc2Vec),150,0.898,0.6328371165893086,0.5107777777777778,0.49796618298152195
40000,32000,7999,80,Support Vector Machines (SVM),DM (Doc2Vec),200,0.8067,0.7596842186575932,0.5252812500000001,0.497937610016005
40000,4000,36000,10,Logistic Regression,DM (Doc2Vec),200,0.8976749999999999,0.6261471945841427,0.5105972222222223,0.4978027620926909
40000,32000,7999,80,Support Vector Machines (SVM),DM (Doc2Vec),150,0.80665,0.759088030749959,0.525203125,0.49779454728555894
40000,4000,36000,10,Logistic Regression,DM (Doc2Vec),500,0.898025,0.6325595029808152,0.5103472222222222,0.49710260562478065
40000,4000,36000,10,Logistic Regression,DM (Doc2Vec),350,0.8978999999999999,0.6280467095631977,0.5102777777777778,0.4970326382589061
40000,32000,7999,80,Perceptron,DM (Doc2Vec),300,0.660075,0.6054750528684518,0.566390625,0.49647375967592594
40000,4000,36000,10,Logistic Regression,DM (Doc2Vec),450,0.8978249999999999,0.6256798805911208,0.5099027777777778,0.49633633902436997
40000,4000,36000,10,Logistic Regression,DM (Doc2Vec),300,0.89765,0.6216594193506648,0.5098055555555555,0.49624842283785486
40000,4000,36000,10,Logistic Regression,DM (Doc2Vec),250,0.897625,0.6206737313082538,0.5097916666666666,0.49623402927680677
40000,36000,3999,90,Random Forest,DM (Doc2Vec),250,0.9018249999999999,0.8735897241359529,0.5110138888888889,0.49603990870719644
40000,4000,36000,10,Logistic Regression,DM (Doc2Vec),400,0.8980750000000001,0.6310856115016021,0.5098194444444445,0.496019271842866
40000,36000,3999,90,Support Vector Machines (SVM),DM (Doc2Vec),100,0.9009,0.7642262695863233,0.5103888888888888,0.4953539619557901
40000,32000,7999,80,Perceptron,DM (Doc2Vec),450,0.703925,0.6329478853673318,0.545890625,0.49453401346996806
40000,36000,3999,90,Random Forest,DM (Doc2Vec),100,0.90175,0.8946811254994829,0.5099722222222223,0.4938986485821316
40000,32000,7999,80,Support Vector Machines (SVM),DM (Doc2Vec),100,0.805275,0.746560810943811,0.521578125,0.4909767645643644
40000,4000,36000,10,Support Vector Machines (SVM),DM (Doc2Vec),400,0.898875,0.6384182302219219,0.5065972222222221,0.48890028144468795
40000,4000,36000,10,Support Vector Machines (SVM),DM (Doc2Vec),450,0.8987499999999999,0.630683642155629,0.5063055555555556,0.488378845022895
40000,4000,36000,10,Support Vector Machines (SVM),DM (Doc2Vec),200,0.8989,0.6341270072569172,0.5062777777777778,0.48820073028054145
40000,4000,36000,10,Support Vector Machines (SVM),DM (Doc2Vec),150,0.8988999999999999,0.6312207858413734,0.5059444444444445,0.4875040801506663
40000,4000,36000,10,Support Vector Machines (SVM),DM (Doc2Vec),300,0.89885,0.6295436363242815,0.5056944444444444,0.4870268805744802
40000,4000,36000,10,Support Vector Machines (SVM),DM (Doc2Vec),350,0.8985,0.6105580618054686,0.5052777777777777,0.48640888958612233
40000,4000,36000,10,Support Vector Machines (SVM),DM (Doc2Vec),500,0.8987,0.619374363033392,0.5052777777777778,0.4862627513802863
40000,4000,36000,10,Support Vector Machines (SVM),DM (Doc2Vec),250,0.898625,0.6136956197352823,0.5052361111111112,0.4862257568900308
40000,4000,36000,10,Support Vector Machines (SVM),DM (Doc2Vec),100,0.898525,0.6062822808610318,0.5045138888888889,0.48478497257490805
40000,32000,7999,80,Perceptron,DM (Doc2Vec),200,0.54535,0.586511573498699,0.590921875,0.47712225286437404
40000,16000,24000,40,Gaussian Naive Bayes,DM (Doc2Vec),150,0.4639749999999999,0.5523283112994595,0.5322604166666667,0.43097147134476643
40000,16000,24000,40,Gaussian Naive Bayes,DM (Doc2Vec),100,0.463275,0.55401957548752,0.5325833333333333,0.4291061073347425
40000,16000,24000,40,Gaussian Naive Bayes,DM (Doc2Vec),200,0.46125,0.5540997452339714,0.5314895833333334,0.42575779176625606
40000,16000,24000,40,Gaussian Naive Bayes,DM (Doc2Vec),250,0.46129999999999993,0.5543216772780486,0.5317812500000001,0.42524725900903737
40000,16000,24000,40,Gaussian Naive Bayes,DM (Doc2Vec),350,0.45775000000000005,0.5534619921980124,0.5296562499999999,0.41953966705825574
40000,16000,24000,40,Gaussian Naive Bayes,DM (Doc2Vec),300,0.45275,0.5431781976502069,0.5242604166666667,0.41475310371450147
40000,16000,24000,40,Gaussian Naive Bayes,DM (Doc2Vec),500,0.4526,0.5472962906783173,0.52528125,0.4129418534279381
40000,16000,24000,40,Gaussian Naive Bayes,DM (Doc2Vec),450,0.44897500000000007,0.5464529182611498,0.5230833333333333,0.40691516065762673
40000,16000,24000,40,Gaussian Naive Bayes,DM (Doc2Vec),400,0.4460749999999999,0.5375830671151178,0.5193645833333334,0.40487843990226563
40000,8000,32000,20,Gaussian Naive Bayes,DM (Doc2Vec),100,0.39480000000000004,0.5500220603307436,0.560765625,0.38865485861233207
40000,8000,32000,20,Gaussian Naive Bayes,DM (Doc2Vec),150,0.37265,0.547967663645953,0.5544218749999998,0.3692146355328736
40000,8000,32000,20,Gaussian Naive Bayes,DM (Doc2Vec),200,0.346525,0.5423205913020741,0.54371875,0.3449402974688006
40000,8000,32000,20,Gaussian Naive Bayes,DM (Doc2Vec),350,0.33895,0.5445245210288349,0.543765625,0.337439788819812
40000,8000,32000,20,Gaussian Naive Bayes,DM (Doc2Vec),250,0.33802499999999996,0.5432524260197791,0.5422499999999999,0.3365041190839183
40000,4000,36000,10,Gaussian Naive Bayes,DM (Doc2Vec),100,0.355175,0.5252383328406754,0.5562083333333334,0.32487303515341653
40000,8000,32000,20,Gaussian Naive Bayes,DM (Doc2Vec),400,0.32342499999999996,0.5378180474506911,0.5348593749999999,0.32189626406303995
40000,8000,32000,20,Gaussian Naive Bayes,DM (Doc2Vec),450,0.32065,0.5372056805362929,0.5336875,0.31903504693388285
40000,8000,32000,20,Gaussian Naive Bayes,DM (Doc2Vec),300,0.319025,0.5368067129927906,0.53309375,0.31744604649799696
40000,8000,32000,20,Gaussian Naive Bayes,DM (Doc2Vec),500,0.3175,0.5380305383898157,0.5335000000000001,0.31586529386790363
40000,4000,36000,10,Gaussian Naive Bayes,DM (Doc2Vec),150,0.273475,0.5183575282080268,0.5344861111111111,0.26496653957638194
40000,4000,36000,10,Gaussian Naive Bayes,DM (Doc2Vec),200,0.26715,0.5235610210303936,0.5417500000000001,0.26006389186613477
40000,4000,36000,10,Gaussian Naive Bayes,DM (Doc2Vec),250,0.261625,0.523547700385239,0.5404583333333333,0.2553874284916007
40000,4000,36000,10,Gaussian Naive Bayes,DM (Doc2Vec),300,0.25125000000000003,0.5207550351989889,0.5344722222222222,0.2466622335627585
40000,4000,36000,10,Gaussian Naive Bayes,DM (Doc2Vec),350,0.238475,0.5206181495654846,0.5313749999999999,0.23562681653782605
40000,4000,36000,10,Gaussian Naive Bayes,DM (Doc2Vec),400,0.236825,0.5212536125278232,0.5316805555555555,0.23420610738125308
40000,4000,36000,10,Gaussian Naive Bayes,DM (Doc2Vec),500,0.22835,0.5173046826535787,0.5248611111111112,0.2263863916697746
40000,4000,36000,10,Gaussian Naive Bayes,DM (Doc2Vec),450,0.22774999999999998,0.5160802562264966,0.5230833333333333,0.22580532903072706
