nb_posts_total,nb_posts_incels,nb_posts_neutral,% Incels,Algorithme,N traits discr.,accuracy,precision,recall,f1-score
40000,36000,3999,90,kNN (k=1),10000,0.816925,0.5433972609388368,0.5538472222222223,0.5469918414037923
40000,36000,3999,90,kNN (k=3),500,0.86095,0.5572272508205656,0.5395277777777777,0.544761724914685
40000,36000,3999,90,kNN (k=3),750,0.86405,0.557131662584305,0.5365833333333333,0.5418703229155419
40000,36000,3999,90,kNN (k=3),10000,0.864775,0.5577510908389541,0.5364305555555555,0.5417869610905273
40000,36000,3999,90,kNN (k=1),1000,0.8136,0.5384486211695451,0.5482222222222222,0.5416069298605238
40000,36000,3999,90,kNN (k=3),2500,0.864075,0.5566533450051268,0.5361527777777778,0.5413712633554242
40000,36000,3999,90,kNN (k=3),5000,0.8642,0.55673981738508,0.5361111111111111,0.5413386292172022
40000,36000,3999,90,kNN (k=3),15000,0.863525,0.5559672517658159,0.5360694444444444,0.5412029338446126
40000,36000,3999,90,kNN (k=1),15000,0.815675,0.5379853660103718,0.5465972222222222,0.5409140755359949
40000,36000,3999,90,kNN (k=1),750,0.815225,0.5375115976321021,0.546125,0.5404130281253624
40000,36000,3999,90,kNN (k=1),2500,0.816075,0.5368610447869633,0.5448194444444444,0.53960192472366
40000,36000,3999,90,kNN (k=1),500,0.808675,0.5359593859105641,0.5467083333333334,0.5390233557448968
40000,36000,3999,90,kNN (k=1),5000,0.812625,0.5357897146186419,0.5447916666666667,0.5386410262082444
40000,36000,3999,90,kNN (k=1),250,0.814275,0.5352870369103931,0.5433749999999999,0.5379612439758195
40000,36000,3999,90,kNN (k=3),250,0.863275,0.552366452563674,0.5332638888888889,0.5378870659234962
40000,36000,3999,90,kNN (k=3),1000,0.86385,0.5523901648622225,0.5328055555555555,0.53740197217788
40000,36000,3999,90,kNN (k=3),100,0.867,0.5530570292417761,0.5306666666666666,0.5350617575632146
40000,36000,3999,90,kNN (k=1),100,0.81385,0.5320593451565003,0.5390277777777778,0.5343484466321327
40000,36000,3999,90,kNN (k=2),500,0.88495,0.5682626230337828,0.52075,0.5203803490136547
40000,36000,3999,90,kNN (k=2),750,0.887025,0.5745689270274069,0.5205694444444444,0.5196764185772782
40000,36000,3999,90,kNN (k=2),10000,0.8871,0.5741495026650651,0.5202777777777778,0.519190715781399
40000,36000,3999,90,kNN (k=2),2500,0.8873,0.5693732923497268,0.5180555555555556,0.5155272026961965
40000,36000,3999,90,kNN (k=2),5000,0.886525,0.5659369863921189,0.5177361111111112,0.5152064731118453
40000,36000,3999,90,kNN (k=2),15000,0.88735,0.5684682256216727,0.5176388888888889,0.5148284981729352
40000,36000,3999,90,kNN (k=2),250,0.885925,0.5612057204799173,0.516625,0.5135523989818278
40000,36000,3999,90,kNN (k=2),1000,0.8857,0.5593454200172102,0.5161666666666667,0.5128655438260071
40000,36000,3999,90,kNN (k=2),100,0.8874,0.5567415530116165,0.5134444444444445,0.507791322404727
40000,36000,3999,90,Gaussian Naive Bayes,10000,0.672775,0.5257710100788917,0.5614305555555555,0.4995593142605692
40000,36000,3999,90,Gaussian Naive Bayes,15000,0.66945,0.5254705855586941,0.5611388888888889,0.49809708874902214
40000,36000,3999,90,Gaussian Naive Bayes,5000,0.6518,0.5255750149332646,0.5636666666666666,0.4918025726261484
40000,36000,3999,90,Gaussian Naive Bayes,2500,0.640475,0.5264073611270127,0.5671527777777777,0.4882687974803795
40000,36000,3999,90,Logistic Regression,500,0.8996,0.6626952934710946,0.5047777777777778,0.48450161684347837
40000,36000,3999,90,Logistic Regression,250,0.89935,0.6423629018394361,0.5044166666666666,0.48393126548975307
40000,36000,3999,90,Logistic Regression,1000,0.8995,0.6523191066002376,0.5043888888888889,0.4837503089792927
40000,36000,3999,90,Logistic Regression,10000,0.899375,0.6419685509204411,0.5042083333333334,0.4834653587855553
40000,36000,3999,90,Logistic Regression,15000,0.89955,0.6544600597995702,0.5041944444444444,0.48329251820040375
40000,36000,3999,90,Logistic Regression,2500,0.899425,0.6422713134199062,0.5039027777777778,0.4827689266740709
40000,36000,3999,90,Logistic Regression,100,0.8991,0.6199787977766318,0.5037222222222222,0.4826494256126785
40000,36000,3999,90,Logistic Regression,750,0.899325,0.6335054180121639,0.5037361111111112,0.4824935134426824
40000,36000,3999,90,Logistic Regression,5000,0.89925,0.6204959313962279,0.5031388888888889,0.48127032546657256
40000,36000,3999,90,Support Vector Machines (SVM),250,0.8998,0.663183260364455,0.5024444444444445,0.47928623914759055
40000,36000,3999,90,Support Vector Machines (SVM),500,0.899875,0.6724161904364632,0.5021527777777778,0.4785800811244118
40000,36000,3999,90,Support Vector Machines (SVM),1000,0.899825,0.661292565247014,0.5020138888888889,0.47831969664557256
40000,36000,3999,90,Support Vector Machines (SVM),100,0.89985,0.6644583956010954,0.5019166666666667,0.4780834050078379
40000,36000,3999,90,Support Vector Machines (SVM),5000,0.8998,0.6525411205575378,0.5017777777777778,0.47782283756151134
40000,36000,3999,90,Support Vector Machines (SVM),750,0.89975,0.6433394916226031,0.50175,0.477806897314021
40000,36000,3999,90,Support Vector Machines (SVM),10000,0.899775,0.6424465777209702,0.5015416666666667,0.47732524905381807
40000,36000,3999,90,Support Vector Machines (SVM),15000,0.8997,0.6287065704704226,0.5015,0.47730170266885813
40000,36000,3999,90,Support Vector Machines (SVM),2500,0.89965,0.6167892954268649,0.5013611111111111,0.47704113522253155
40000,36000,3999,90,Gaussian Naive Bayes,1000,0.600475,0.5258571787623195,0.5692638888888889,0.471208767942313
40000,36000,3999,90,Gaussian Naive Bayes,750,0.590625,0.5261792776502461,0.5707916666666667,0.4671192008650086
40000,36000,3999,90,Gaussian Naive Bayes,100,0.554625,0.5303577761786203,0.5840138888888888,0.45332052274442897
40000,36000,3999,90,Gaussian Naive Bayes,500,0.557025,0.5279939756099886,0.5773472222222222,0.4527724457204811
40000,36000,3999,90,Gaussian Naive Bayes,250,0.53915,0.530564128268292,0.584861111111111,0.44561695226009806
