ratio_incels,algorithm,no_features,accuracy,precision,recall,f_score
10,Naive Bayes,1000,0.9066000000000001,0.86,0.54,0.55
10,Naive Bayes,2000,0.9078200000000001,0.86,0.55,0.57
10,Naive Bayes,3000,0.9081400000000001,0.86,0.55,0.57
10,Naive Bayes,4000,0.90844,0.87,0.55,0.57
10,Naive Bayes,5000,0.9083400000000001,0.87,0.55,0.57
10,kNN (k=1),1000,0.48484,0.52,0.55,0.41
10,kNN (k=1),2000,0.5085399999999999,0.52,0.55,0.42
10,kNN (k=1),3000,0.5122800000000001,0.52,0.56,0.43
10,kNN (k=1),4000,0.50842,0.52,0.56,0.42
10,kNN (k=1),5000,0.49884000000000006,0.52,0.56,0.42
10,kNN (k=2),1000,0.4298,0.52,0.56,0.38
10,kNN (k=2),2000,0.44912,0.52,0.56,0.39
10,kNN (k=2),3000,0.44455999999999996,0.52,0.56,0.39
10,kNN (k=2),4000,0.43262,0.52,0.56,0.38
10,kNN (k=2),5000,0.4181,0.52,0.56,0.37
10,kNN (k=3),1000,0.5422800000000001,0.52,0.55,0.44
10,kNN (k=3),2000,0.54148,0.52,0.55,0.44
10,kNN (k=3),3000,0.52092,0.52,0.56,0.43
10,kNN (k=3),4000,0.49959999999999993,0.52,0.56,0.42
10,kNN (k=3),5000,0.47989999999999994,0.52,0.55,0.41
10,kNN (k=4),1000,0.8873000000000001,0.61,0.54,0.55
10,kNN (k=4),2000,0.88758,0.61,0.54,0.55
10,kNN (k=4),3000,0.8856200000000001,0.6,0.54,0.55
10,kNN (k=4),4000,0.8844,0.59,0.54,0.54
10,kNN (k=4),5000,0.884,0.59,0.53,0.54
10,kNN (k=5),1000,0.9000600000000001,0.7,0.53,0.53
10,kNN (k=5),2000,0.89964,0.69,0.52,0.52
10,kNN (k=5),3000,0.8993399999999999,0.69,0.52,0.52
10,kNN (k=5),4000,0.8975,0.65,0.52,0.52
10,kNN (k=5),5000,0.8976200000000001,0.65,0.52,0.51
10,Naive Bayes,10000,0.9065199999999999,0.88,0.54,0.55
10,Naive Bayes,15000,0.9045799999999999,0.9,0.53,0.52
10,kNN (k=1),10000,0.46192,0.52,0.56,0.4
10,kNN (k=1),15000,0.43908,0.52,0.55,0.38
10,kNN (k=2),10000,0.36652,0.52,0.55,0.34
10,kNN (k=2),15000,0.33928,0.52,0.54,0.32
10,kNN (k=3),10000,0.41452,0.52,0.55,0.37
10,kNN (k=3),15000,0.38188,0.52,0.54,0.35
10,kNN (k=4),10000,0.86976,0.55,0.53,0.53
10,kNN (k=4),15000,0.8817999999999999,0.57,0.53,0.53
10,kNN (k=5),10000,0.89764,0.64,0.51,0.51
10,kNN (k=5),15000,0.89702,0.62,0.51,0.5
10,Naive Bayes,100,0.9004200000000001,0.75,0.51,0.49
10,Naive Bayes,250,0.90072,0.75,0.51,0.49
10,Naive Bayes,500,0.90392,0.84,0.53,0.53
10,Naive Bayes,1500,0.9073800000000001,0.86,0.55,0.56
10,kNN (k=1),100,0.2779,0.48,0.47,0.26
10,kNN (k=1),250,0.36804,0.49,0.49,0.33
10,kNN (k=1),500,0.42813999999999997,0.51,0.52,0.37
10,kNN (k=1),1500,0.502,0.52,0.55,0.42
10,kNN (k=2),100,0.25096,0.49,0.48,0.24
10,kNN (k=2),250,0.31376,0.5,0.51,0.29
10,kNN (k=2),500,0.36836,0.51,0.53,0.34
10,kNN (k=2),1500,0.44623999999999997,0.52,0.56,0.39
10,kNN (k=3),100,0.29392,0.48,0.47,0.28
10,kNN (k=3),250,0.3949,0.5,0.5,0.35
10,kNN (k=3),500,0.48640000000000005,0.51,0.53,0.41
10,kNN (k=3),1500,0.5496399999999999,0.52,0.55,0.44
10,kNN (k=4),100,0.8802599999999998,0.59,0.54,0.55
10,kNN (k=4),250,0.8782599999999998,0.59,0.55,0.56
10,kNN (k=4),500,0.883,0.6,0.54,0.55
10,kNN (k=4),1500,0.88828,0.61,0.54,0.55
10,kNN (k=5),100,0.8962600000000001,0.64,0.52,0.52
10,kNN (k=5),250,0.89748,0.66,0.52,0.52
10,kNN (k=5),500,0.8987,0.68,0.52,0.52
10,kNN (k=5),1500,0.9001000000000001,0.7,0.53,0.53
20,Naive Bayes,1000,0.8331800000000001,0.83,0.6,0.62
20,Naive Bayes,2000,0.8397600000000001,0.84,0.62,0.65
20,Naive Bayes,3000,0.84364,0.84,0.63,0.66
20,Naive Bayes,4000,0.84566,0.84,0.64,0.67
20,Naive Bayes,5000,0.84642,0.84,0.64,0.67
20,kNN (k=1),1000,0.44803999999999994,0.53,0.55,0.43
20,kNN (k=1),2000,0.48347999999999997,0.54,0.57,0.46
20,kNN (k=1),3000,0.49054000000000003,0.55,0.57,0.47
20,kNN (k=1),4000,0.48754,0.55,0.57,0.47
20,kNN (k=1),5000,0.48580000000000007,0.55,0.57,0.46
20,kNN (k=2),1000,0.40094,0.54,0.56,0.4
20,kNN (k=2),2000,0.4338,0.55,0.57,0.43
20,kNN (k=2),3000,0.4325,0.55,0.57,0.43
20,kNN (k=2),4000,0.42696000000000006,0.55,0.57,0.42
20,kNN (k=2),5000,0.41994,0.55,0.57,0.42
20,kNN (k=3),1000,0.49413999999999997,0.54,0.56,0.47
20,kNN (k=3),2000,0.5106400000000001,0.55,0.57,0.48
20,kNN (k=3),3000,0.4995,0.55,0.57,0.47
20,kNN (k=3),4000,0.48630000000000007,0.55,0.57,0.46
20,kNN (k=3),5000,0.47242000000000006,0.55,0.57,0.45
20,kNN (k=4),1000,0.74312,0.57,0.55,0.56
20,kNN (k=4),2000,0.74482,0.56,0.55,0.55
20,kNN (k=4),3000,0.7303999999999999,0.55,0.55,0.55
20,kNN (k=4),4000,0.76274,0.58,0.55,0.56
20,kNN (k=4),5000,0.76156,0.58,0.55,0.56
20,kNN (k=5),1000,0.7717,0.57,0.54,0.53
20,kNN (k=5),2000,0.79704,0.64,0.54,0.53
20,kNN (k=5),3000,0.79608,0.64,0.54,0.53
20,kNN (k=5),4000,0.7945200000000001,0.63,0.53,0.52
20,kNN (k=5),5000,0.79368,0.62,0.53,0.52
20,Naive Bayes,10000,0.84894,0.85,0.64,0.68
20,Naive Bayes,15000,0.8456399999999998,0.86,0.63,0.66
20,kNN (k=1),10000,0.4641,0.55,0.57,0.45
20,kNN (k=1),15000,0.44853999999999994,0.55,0.57,0.44
20,kNN (k=2),10000,0.38468,0.55,0.56,0.38
20,kNN (k=2),15000,0.3653799999999999,0.55,0.55,0.37
20,kNN (k=3),10000,0.42552,0.54,0.56,0.42
20,kNN (k=3),15000,0.40014000000000005,0.54,0.55,0.4
20,kNN (k=4),10000,0.73406,0.55,0.54,0.54
20,kNN (k=4),15000,0.75926,0.57,0.55,0.55
20,kNN (k=5),10000,0.79436,0.62,0.53,0.52
20,kNN (k=5),15000,0.79276,0.61,0.53,0.51
20,Naive Bayes,100,0.81052,0.77,0.54,0.52
20,Naive Bayes,250,0.8175000000000001,0.8,0.56,0.55
20,Naive Bayes,500,0.82698,0.83,0.58,0.59
20,Naive Bayes,1500,0.83704,0.83,0.61,0.64
20,kNN (k=1),100,0.3008,0.48,0.48,0.3
20,kNN (k=1),250,0.36528,0.5,0.5,0.36
20,kNN (k=1),500,0.40032000000000006,0.52,0.52,0.39
20,kNN (k=1),1500,0.47454,0.54,0.56,0.45
20,kNN (k=2),100,0.28264,0.5,0.5,0.28
20,kNN (k=2),250,0.32148,0.52,0.52,0.32
20,kNN (k=2),500,0.34965999999999997,0.53,0.54,0.35
20,kNN (k=2),1500,0.42750000000000005,0.55,0.57,0.42
20,kNN (k=3),100,0.31412,0.48,0.48,0.31
20,kNN (k=3),250,0.37239999999999995,0.51,0.51,0.37
20,kNN (k=3),500,0.44094,0.53,0.55,0.43
20,kNN (k=3),1500,0.5124000000000001,0.55,0.57,0.48
20,kNN (k=4),100,0.7764800000000001,0.62,0.59,0.59
20,kNN (k=4),250,0.76854,0.61,0.59,0.59
20,kNN (k=4),500,0.77576,0.62,0.58,0.59
20,kNN (k=4),1500,0.7459199999999999,0.57,0.55,0.56
20,kNN (k=5),100,0.8018599999999999,0.67,0.57,0.57
20,kNN (k=5),250,0.7982799999999999,0.65,0.56,0.57
20,kNN (k=5),500,0.8012599999999999,0.66,0.56,0.56
20,kNN (k=5),1500,0.7952999999999999,0.63,0.54,0.53
30,Naive Bayes,1000,0.78038,0.8,0.65,0.67
30,Naive Bayes,2000,0.79128,0.8,0.68,0.7
30,Naive Bayes,3000,0.7977000000000001,0.81,0.69,0.71
30,Naive Bayes,4000,0.80188,0.81,0.7,0.72
30,Naive Bayes,5000,0.8042999999999999,0.81,0.7,0.73
30,kNN (k=1),1000,0.44778,0.54,0.54,0.45
30,kNN (k=1),2000,0.47831999999999997,0.56,0.56,0.48
30,kNN (k=1),3000,0.48807999999999996,0.56,0.57,0.49
30,kNN (k=1),4000,0.48945999999999995,0.57,0.57,0.49
30,kNN (k=1),5000,0.48694,0.57,0.57,0.49
30,kNN (k=2),1000,0.41368,0.56,0.54,0.41
30,kNN (k=2),2000,0.44058,0.57,0.56,0.44
30,kNN (k=2),3000,0.44415999999999994,0.57,0.56,0.44
30,kNN (k=2),4000,0.44143999999999994,0.57,0.56,0.44
30,kNN (k=2),5000,0.43776000000000004,0.58,0.56,0.43
30,kNN (k=3),1000,0.4827,0.56,0.56,0.48
30,kNN (k=3),2000,0.50652,0.57,0.57,0.5
30,kNN (k=3),3000,0.50326,0.57,0.57,0.5
30,kNN (k=3),4000,0.49374,0.57,0.57,0.49
30,kNN (k=3),5000,0.48678,0.57,0.57,0.49
30,kNN (k=4),1000,0.6820999999999999,0.6,0.58,0.58
30,kNN (k=4),2000,0.65832,0.58,0.57,0.57
30,kNN (k=4),3000,0.6603,0.58,0.57,0.57
30,kNN (k=4),4000,0.6523800000000001,0.57,0.56,0.56
30,kNN (k=4),5000,0.63972,0.56,0.56,0.56
30,kNN (k=5),1000,0.7089200000000001,0.64,0.56,0.55
30,kNN (k=5),2000,0.7019,0.62,0.56,0.55
30,kNN (k=5),3000,0.6879,0.59,0.55,0.54
30,kNN (k=5),4000,0.69852,0.61,0.55,0.54
30,kNN (k=5),5000,0.6735,0.57,0.54,0.53
30,Naive Bayes,10000,0.80826,0.81,0.71,0.73
30,Naive Bayes,15000,0.80826,0.82,0.71,0.73
30,kNN (k=1),10000,0.47637999999999997,0.57,0.57,0.48
30,kNN (k=1),15000,0.46625999999999995,0.57,0.56,0.47
30,kNN (k=2),10000,0.41812000000000005,0.57,0.55,0.41
30,kNN (k=2),15000,0.4061,0.57,0.55,0.4
30,kNN (k=3),10000,0.4575,0.57,0.56,0.46
30,kNN (k=3),15000,0.44056000000000006,0.56,0.55,0.44
30,kNN (k=4),10000,0.65818,0.57,0.56,0.56
30,kNN (k=4),15000,0.63502,0.55,0.55,0.55
30,kNN (k=5),10000,0.69184,0.59,0.54,0.53
30,kNN (k=5),15000,0.68814,0.58,0.54,0.52
40,Naive Bayes,1000,0.74572,0.76,0.7,0.71
40,Naive Bayes,2000,0.758,0.77,0.72,0.73
40,Naive Bayes,3000,0.76656,0.77,0.73,0.74
40,Naive Bayes,4000,0.77258,0.78,0.74,0.75
40,Naive Bayes,5000,0.77686,0.78,0.75,0.76
40,kNN (k=1),1000,0.48572,0.56,0.54,0.47
40,kNN (k=1),2000,0.5101600000000001,0.57,0.56,0.5
40,kNN (k=1),3000,0.5219199999999999,0.58,0.57,0.51
40,kNN (k=1),4000,0.5266000000000001,0.59,0.57,0.52
40,kNN (k=1),5000,0.5269800000000001,0.59,0.57,0.52
40,kNN (k=2),1000,0.46560000000000007,0.58,0.54,0.43
40,kNN (k=2),2000,0.48716,0.59,0.55,0.46
40,kNN (k=2),3000,0.49445999999999996,0.6,0.56,0.47
40,kNN (k=2),4000,0.49424,0.6,0.56,0.47
40,kNN (k=2),5000,0.49101999999999996,0.6,0.56,0.46
40,kNN (k=3),1000,0.5099,0.57,0.56,0.5
40,kNN (k=3),2000,0.534,0.59,0.58,0.53
40,kNN (k=3),3000,0.5373399999999999,0.6,0.58,0.53
40,kNN (k=3),4000,0.53056,0.59,0.58,0.52
40,kNN (k=3),5000,0.52518,0.59,0.58,0.52
40,kNN (k=4),1000,0.6123200000000001,0.59,0.59,0.59
40,kNN (k=4),2000,0.6218,0.6,0.59,0.59
40,kNN (k=4),3000,0.60696,0.59,0.58,0.58
40,kNN (k=4),4000,0.60076,0.58,0.58,0.58
40,kNN (k=4),5000,0.59622,0.57,0.57,0.57
40,kNN (k=5),1000,0.62716,0.6,0.58,0.57
40,kNN (k=5),2000,0.6359,0.62,0.58,0.57
40,kNN (k=5),3000,0.6305000000000001,0.61,0.57,0.56
40,kNN (k=5),4000,0.6149199999999999,0.59,0.56,0.55
40,kNN (k=5),5000,0.62268,0.6,0.57,0.55
40,Naive Bayes,10000,0.78258,0.79,0.76,0.76
40,Naive Bayes,15000,0.7846400000000001,0.79,0.76,0.77
40,kNN (k=1),10000,0.51774,0.59,0.57,0.51
40,kNN (k=1),15000,0.51144,0.59,0.57,0.5
40,kNN (k=2),10000,0.47896,0.6,0.55,0.44
40,kNN (k=2),15000,0.47131999999999996,0.6,0.55,0.43
40,kNN (k=3),10000,0.50282,0.59,0.56,0.49
40,kNN (k=3),15000,0.49078,0.58,0.55,0.47
40,kNN (k=4),10000,0.58946,0.57,0.57,0.57
40,kNN (k=4),15000,0.5912200000000001,0.57,0.56,0.56
40,kNN (k=5),10000,0.6113,0.58,0.56,0.54
40,kNN (k=5),15000,0.61236,0.58,0.55,0.54
40,Naive Bayes,100,0.6818000000000001,0.74,0.61,0.59
40,Naive Bayes,250,0.7112,0.75,0.65,0.65
40,Naive Bayes,500,0.72724,0.76,0.68,0.68
40,Naive Bayes,1500,0.75302,0.77,0.71,0.72
40,kNN (k=1),100,0.42090000000000005,0.49,0.49,0.38
40,kNN (k=1),250,0.44882,0.52,0.51,0.42
40,kNN (k=1),500,0.46197999999999995,0.53,0.52,0.44
40,kNN (k=1),1500,0.5010399999999999,0.57,0.55,0.49
40,kNN (k=2),100,0.41974,0.52,0.5,0.35
40,kNN (k=2),250,0.43534000000000006,0.54,0.52,0.38
40,kNN (k=2),500,0.4449000000000001,0.56,0.52,0.39
40,kNN (k=2),1500,0.47906000000000004,0.59,0.55,0.45
40,kNN (k=3),100,0.42908,0.5,0.5,0.39
40,kNN (k=3),250,0.44466,0.52,0.51,0.41
40,kNN (k=3),500,0.47022,0.55,0.53,0.45
40,kNN (k=3),1500,0.52582,0.58,0.57,0.52
40,kNN (k=4),100,0.6468,0.63,0.62,0.62
40,kNN (k=4),250,0.57664,0.58,0.58,0.57
40,kNN (k=4),500,0.5782,0.57,0.58,0.57
40,kNN (k=4),1500,0.5929,0.58,0.58,0.58
40,kNN (k=5),100,0.66152,0.65,0.61,0.61
40,kNN (k=5),250,0.64136,0.62,0.6,0.6
40,kNN (k=5),500,0.61136,0.59,0.58,0.58
40,kNN (k=5),1500,0.60964,0.58,0.56,0.56
50,Naive Bayes,1000,0.6706200000000001,0.67,0.67,0.67
50,Naive Bayes,2000,0.6983999999999999,0.7,0.7,0.7
50,Naive Bayes,3000,0.71278,0.72,0.71,0.71
50,Naive Bayes,4000,0.7207000000000001,0.72,0.72,0.72
50,Naive Bayes,5000,0.7278800000000001,0.73,0.73,0.73
50,kNN (k=1),1000,0.5348599999999999,0.56,0.53,0.48
50,kNN (k=1),2000,0.5545,0.58,0.55,0.51
50,kNN (k=1),3000,0.56074,0.59,0.56,0.52
50,kNN (k=1),4000,0.56578,0.59,0.57,0.53
50,kNN (k=1),5000,0.56592,0.6,0.57,0.53
50,kNN (k=2),1000,0.5292600000000001,0.59,0.53,0.44
50,kNN (k=2),2000,0.5464399999999999,0.61,0.55,0.47
50,kNN (k=2),3000,0.54872,0.61,0.55,0.48
50,kNN (k=2),4000,0.5518599999999999,0.62,0.55,0.48
50,kNN (k=2),5000,0.55062,0.62,0.55,0.48
50,kNN (k=3),1000,0.54878,0.58,0.55,0.5
50,kNN (k=3),2000,0.57172,0.6,0.57,0.54
50,kNN (k=3),3000,0.57294,0.61,0.57,0.54
50,kNN (k=3),4000,0.5715,0.61,0.57,0.53
50,kNN (k=3),5000,0.5697599999999999,0.61,0.57,0.53
50,kNN (k=4),1000,0.57422,0.57,0.57,0.57
50,kNN (k=4),2000,0.58292,0.58,0.58,0.58
50,kNN (k=4),3000,0.56734,0.57,0.57,0.57
50,kNN (k=4),4000,0.5639000000000001,0.56,0.56,0.56
50,kNN (k=4),5000,0.5636,0.56,0.56,0.56
50,kNN (k=5),1000,0.56936,0.57,0.57,0.56
50,kNN (k=5),2000,0.5757,0.59,0.58,0.55
50,kNN (k=5),3000,0.5672400000000001,0.58,0.57,0.55
50,kNN (k=5),4000,0.55886,0.57,0.56,0.54
50,kNN (k=5),5000,0.55766,0.57,0.56,0.54
50,Naive Bayes,10000,0.7412400000000001,0.74,0.74,0.74
50,Naive Bayes,15000,0.7468400000000001,0.75,0.75,0.75
50,kNN (k=1),10000,0.5645,0.6,0.56,0.52
50,kNN (k=1),15000,0.55992,0.6,0.56,0.51
50,kNN (k=2),10000,0.5424399999999999,0.61,0.54,0.46
50,kNN (k=2),15000,0.5373,0.61,0.54,0.45
50,kNN (k=3),10000,0.55562,0.6,0.56,0.5
50,kNN (k=3),15000,0.54968,0.6,0.55,0.49
50,kNN (k=4),10000,0.56044,0.56,0.56,0.56
50,kNN (k=4),15000,0.54538,0.55,0.55,0.54
50,kNN (k=5),10000,0.5594399999999999,0.56,0.56,0.56
50,kNN (k=5),15000,0.5464,0.55,0.55,0.54
60,Naive Bayes,1000,0.69152,0.69,0.64,0.64
60,Naive Bayes,2000,0.7123999999999999,0.72,0.67,0.67
60,Naive Bayes,3000,0.72588,0.73,0.69,0.69
60,Naive Bayes,4000,0.7316,0.74,0.69,0.7
60,Naive Bayes,5000,0.7365999999999999,0.74,0.7,0.7
60,kNN (k=1),1000,0.60238,0.56,0.53,0.49
60,kNN (k=1),2000,0.6143000000000001,0.59,0.55,0.52
60,kNN (k=1),3000,0.6218199999999999,0.6,0.56,0.54
60,kNN (k=1),4000,0.62482,0.6,0.56,0.54
60,kNN (k=1),5000,0.62596,0.61,0.56,0.54
60,kNN (k=2),1000,0.6087400000000001,0.59,0.52,0.45
60,kNN (k=2),2000,0.6193799999999999,0.62,0.54,0.48
60,kNN (k=2),3000,0.62654,0.64,0.55,0.5
60,kNN (k=2),4000,0.62618,0.64,0.55,0.49
60,kNN (k=2),5000,0.62612,0.64,0.54,0.49
60,kNN (k=3),1000,0.6115999999999999,0.58,0.54,0.51
60,kNN (k=3),2000,0.6276599999999999,0.61,0.56,0.54
60,kNN (k=3),3000,0.63202,0.62,0.57,0.55
60,kNN (k=3),4000,0.63168,0.62,0.57,0.54
60,kNN (k=3),5000,0.6313600000000001,0.62,0.56,0.54
60,kNN (k=4),1000,0.6091599999999999,0.58,0.57,0.57
60,kNN (k=4),2000,0.6037199999999999,0.58,0.58,0.58
60,kNN (k=4),3000,0.5993,0.57,0.57,0.57
60,kNN (k=4),4000,0.59968,0.57,0.57,0.57
60,kNN (k=4),5000,0.60038,0.57,0.57,0.57
60,kNN (k=5),1000,0.59882,0.59,0.59,0.59
60,kNN (k=5),2000,0.58162,0.58,0.58,0.58
60,kNN (k=5),3000,0.58122,0.58,0.58,0.58
60,kNN (k=5),4000,0.57936,0.58,0.58,0.57
60,kNN (k=5),5000,0.5809200000000001,0.57,0.58,0.57
60,Naive Bayes,10000,0.74666,0.76,0.71,0.72
60,Naive Bayes,15000,0.75058,0.76,0.71,0.72
60,kNN (k=1),10000,0.6265,0.61,0.56,0.54
60,kNN (k=1),15000,0.6255599999999999,0.61,0.56,0.53
60,kNN (k=2),10000,0.6228,0.64,0.54,0.48
60,kNN (k=2),15000,0.6205,0.64,0.53,0.47
60,kNN (k=3),10000,0.62682,0.62,0.55,0.52
60,kNN (k=3),15000,0.62414,0.62,0.55,0.5
60,kNN (k=4),10000,0.5935,0.57,0.56,0.56
60,kNN (k=4),15000,0.58796,0.56,0.55,0.55
60,kNN (k=5),10000,0.57252,0.56,0.56,0.56
60,kNN (k=5),15000,0.56612,0.55,0.55,0.55
60,Naive Bayes,100,0.6149800000000001,0.59,0.55,0.52
60,Naive Bayes,250,0.6405200000000001,0.63,0.58,0.57
60,Naive Bayes,500,0.6632800000000001,0.66,0.61,0.6
60,Naive Bayes,1500,0.70328,0.71,0.66,0.66
60,kNN (k=1),100,0.5846199999999999,0.5,0.5,0.43
60,kNN (k=1),250,0.58138,0.51,0.51,0.46
60,kNN (k=1),500,0.59218,0.54,0.52,0.47
60,kNN (k=1),1500,0.6081999999999999,0.57,0.54,0.51
60,kNN (k=2),100,0.5975999999999999,0.53,0.5,0.41
60,kNN (k=2),250,0.6007399999999999,0.56,0.51,0.42
60,kNN (k=2),500,0.60246,0.57,0.51,0.42
60,kNN (k=2),1500,0.61532,0.61,0.53,0.47
60,kNN (k=3),100,0.5923999999999999,0.52,0.51,0.43
60,kNN (k=3),250,0.5955600000000001,0.54,0.51,0.45
60,kNN (k=3),500,0.60046,0.56,0.52,0.46
60,kNN (k=3),1500,0.62212,0.6,0.56,0.53
60,kNN (k=4),100,0.6164,0.61,0.62,0.61
60,kNN (k=4),250,0.6189600000000001,0.6,0.59,0.59
60,kNN (k=4),500,0.60912,0.58,0.57,0.57
60,kNN (k=4),1500,0.60732,0.58,0.57,0.56
60,kNN (k=5),100,0.60882,0.62,0.62,0.61
60,kNN (k=5),250,0.60784,0.59,0.59,0.59
60,kNN (k=5),500,0.59864,0.59,0.59,0.59
60,kNN (k=5),1500,0.59168,0.58,0.58,0.58
70,Naive Bayes,1000,0.73708,0.72,0.59,0.58
70,Naive Bayes,2000,0.75102,0.74,0.61,0.62
70,Naive Bayes,3000,0.7600999999999999,0.75,0.63,0.64
70,Naive Bayes,4000,0.7624000000000001,0.75,0.64,0.65
70,Naive Bayes,5000,0.7663,0.76,0.64,0.66
70,kNN (k=1),1000,0.6811999999999999,0.56,0.52,0.5
70,kNN (k=1),2000,0.68674,0.58,0.54,0.53
70,kNN (k=1),3000,0.6923999999999999,0.6,0.55,0.54
70,kNN (k=1),4000,0.69276,0.6,0.55,0.55
70,kNN (k=1),5000,0.69348,0.6,0.55,0.55
70,kNN (k=2),1000,0.6994,0.6,0.52,0.46
70,kNN (k=2),2000,0.70292,0.62,0.53,0.49
70,kNN (k=2),3000,0.7063399999999999,0.64,0.53,0.5
70,kNN (k=2),4000,0.7069599999999999,0.64,0.53,0.5
70,kNN (k=2),5000,0.70634,0.64,0.53,0.49
70,kNN (k=3),1000,0.69352,0.59,0.53,0.51
70,kNN (k=3),2000,0.69748,0.61,0.55,0.53
70,kNN (k=3),3000,0.7021,0.62,0.55,0.54
70,kNN (k=3),4000,0.70328,0.62,0.55,0.54
70,kNN (k=3),5000,0.7035,0.62,0.55,0.53
70,kNN (k=4),1000,0.66972,0.56,0.54,0.53
70,kNN (k=4),2000,0.66378,0.56,0.54,0.54
70,kNN (k=4),3000,0.6615399999999999,0.57,0.55,0.55
70,kNN (k=4),4000,0.6643000000000001,0.57,0.55,0.55
70,kNN (k=4),5000,0.66386,0.56,0.55,0.55
70,kNN (k=5),1000,0.6424,0.56,0.55,0.55
70,kNN (k=5),2000,0.62606,0.57,0.58,0.58
70,kNN (k=5),3000,0.6335599999999999,0.56,0.56,0.56
70,kNN (k=5),4000,0.63134,0.56,0.56,0.56
70,kNN (k=5),5000,0.6332599999999999,0.56,0.56,0.56
70,Naive Bayes,10000,0.77302,0.77,0.65,0.67
70,Naive Bayes,15000,0.77234,0.78,0.65,0.66
70,kNN (k=1),10000,0.69668,0.61,0.55,0.54
70,kNN (k=1),15000,0.6972000000000002,0.61,0.55,0.54
70,kNN (k=2),10000,0.7056600000000001,0.64,0.53,0.48
70,kNN (k=2),15000,0.70526,0.64,0.52,0.47
70,kNN (k=3),10000,0.7047,0.62,0.54,0.52
70,kNN (k=3),15000,0.7042200000000001,0.62,0.54,0.5
70,kNN (k=4),10000,0.65338,0.56,0.55,0.55
70,kNN (k=4),15000,0.65006,0.55,0.54,0.54
70,kNN (k=5),10000,0.61368,0.55,0.55,0.55
70,kNN (k=5),15000,0.61056,0.54,0.55,0.54
80,Naive Bayes,1000,0.8070761416141614,0.75,0.53,0.5
80,Naive Bayes,2000,0.8139763176317631,0.77,0.55,0.55
80,Naive Bayes,3000,0.8168963416341635,0.77,0.56,0.56
80,Naive Bayes,4000,0.8187563656365636,0.77,0.57,0.57
80,Naive Bayes,5000,0.820696399639964,0.78,0.57,0.58
80,kNN (k=1),1000,0.7734154455445544,0.54,0.51,0.5
80,kNN (k=1),2000,0.7735755235523553,0.57,0.53,0.53
80,kNN (k=1),3000,0.7731154095409541,0.58,0.54,0.54
80,kNN (k=1),4000,0.7750154595459546,0.58,0.54,0.54
80,kNN (k=1),5000,0.776595505550555,0.59,0.54,0.54
80,kNN (k=2),1000,0.7956559275927593,0.58,0.51,0.47
80,kNN (k=2),2000,0.7951559675967597,0.6,0.52,0.49
80,kNN (k=2),3000,0.7958159295929593,0.62,0.52,0.49
80,kNN (k=2),4000,0.7977359555955597,0.63,0.52,0.49
80,kNN (k=2),5000,0.7988159615961596,0.64,0.52,0.49
80,kNN (k=3),1000,0.7857357175717572,0.57,0.52,0.5
80,kNN (k=3),2000,0.786715793579358,0.6,0.53,0.52
80,kNN (k=3),3000,0.7883557955795579,0.6,0.53,0.53
80,kNN (k=3),4000,0.790415807580758,0.61,0.53,0.52
80,kNN (k=3),5000,0.7925558535853586,0.62,0.53,0.52
80,kNN (k=4),1000,0.7540151695169517,0.55,0.53,0.53
80,kNN (k=4),2000,0.7544953355335534,0.55,0.53,0.53
80,kNN (k=4),3000,0.757695093509351,0.54,0.52,0.52
80,kNN (k=4),4000,0.7517346194619463,0.55,0.53,0.53
80,kNN (k=4),5000,0.7626551515151515,0.55,0.53,0.52
80,kNN (k=5),1000,0.7149745554555456,0.55,0.55,0.55
80,kNN (k=5),2000,0.7183945154515452,0.55,0.54,0.55
80,kNN (k=5),3000,0.7172344074407441,0.54,0.54,0.54
80,kNN (k=5),4000,0.7155538673867388,0.54,0.54,0.54
80,kNN (k=5),5000,0.7213543394339434,0.55,0.54,0.54
80,Naive Bayes,10000,0.8223164256425644,0.79,0.57,0.58
80,Naive Bayes,15000,0.8208564056405641,0.8,0.57,0.57
80,kNN (k=1),10000,0.7802356215621562,0.59,0.54,0.54
80,kNN (k=1),15000,0.7822356475647565,0.6,0.54,0.54
80,kNN (k=2),10000,0.7988759455945594,0.64,0.52,0.49
80,kNN (k=2),15000,0.7993959695969597,0.64,0.52,0.48
80,kNN (k=3),10000,0.7958158835883589,0.63,0.53,0.51
80,kNN (k=3),15000,0.7962759315931593,0.63,0.52,0.5
80,kNN (k=4),10000,0.7617551455145515,0.55,0.52,0.52
80,kNN (k=4),15000,0.7588150895089509,0.54,0.52,0.51
80,kNN (k=5),10000,0.7217342494249425,0.54,0.53,0.53
80,kNN (k=5),15000,0.7166138153815382,0.53,0.53,0.53
80,Naive Bayes,100,0.79995600360036,0.63,0.5,0.45
80,Naive Bayes,250,0.8003560076007601,0.67,0.5,0.45
80,Naive Bayes,500,0.8018160396039604,0.71,0.51,0.47
80,Naive Bayes,1500,0.8123362816281627,0.77,0.55,0.54
80,kNN (k=1),100,0.7779955015501552,0.51,0.5,0.47
80,kNN (k=1),250,0.7702754255425542,0.52,0.51,0.49
80,kNN (k=1),500,0.7710754095409541,0.53,0.51,0.49
80,kNN (k=1),1500,0.774575493549355,0.56,0.52,0.51
80,kNN (k=2),100,0.7959759095909591,0.53,0.5,0.45
80,kNN (k=2),250,0.7962959175917591,0.56,0.5,0.46
80,kNN (k=2),500,0.7959359455945595,0.56,0.5,0.46
80,kNN (k=2),1500,0.7955759235923592,0.6,0.51,0.48
80,kNN (k=3),100,0.789635797579758,0.53,0.5,0.47
80,kNN (k=3),250,0.7887357755775578,0.54,0.51,0.47
80,kNN (k=3),500,0.7898558595859585,0.55,0.51,0.48
80,kNN (k=3),1500,0.7864157495749575,0.59,0.53,0.51
80,kNN (k=4),100,0.7914557675767576,0.55,0.51,0.47
80,kNN (k=4),250,0.7696757895789579,0.56,0.53,0.52
80,kNN (k=4),500,0.7769555535553556,0.55,0.52,0.5
80,kNN (k=4),1500,0.7488144854485448,0.56,0.54,0.54
80,kNN (k=5),100,0.7307330273027303,0.56,0.55,0.55
80,kNN (k=5),250,0.7371354275427542,0.56,0.55,0.55
80,kNN (k=5),500,0.7550750275027502,0.54,0.53,0.52
80,kNN (k=5),1500,0.7152737453745375,0.55,0.55,0.55
90,Naive Bayes,1000,0.90035801180118,0.8,0.5,0.48
90,Naive Bayes,2000,0.9009580318031803,0.8,0.51,0.49
90,Naive Bayes,3000,0.9016780478047804,0.82,0.51,0.5
90,Naive Bayes,4000,0.9017180398039806,0.81,0.51,0.5
90,Naive Bayes,5000,0.9020180398039803,0.83,0.51,0.5
90,kNN (k=1),1000,0.8790976257625761,0.54,0.51,0.51
90,kNN (k=1),2000,0.8770375717571757,0.55,0.52,0.52
90,kNN (k=1),3000,0.8754175637563757,0.55,0.52,0.52
90,kNN (k=1),4000,0.8748175417541754,0.55,0.52,0.53
90,kNN (k=1),5000,0.8759775397539755,0.56,0.53,0.53
90,kNN (k=2),1000,0.8970779457945793,0.56,0.5,0.48
90,kNN (k=2),2000,0.8966979237923793,0.58,0.51,0.49
90,kNN (k=2),3000,0.8973979537953796,0.61,0.51,0.5
90,kNN (k=2),4000,0.8981179617961796,0.63,0.51,0.5
90,kNN (k=2),5000,0.8984979637963797,0.65,0.51,0.5
90,kNN (k=3),1000,0.8911778457845785,0.55,0.51,0.5
90,kNN (k=3),2000,0.890557801780178,0.57,0.51,0.51
90,kNN (k=3),3000,0.8918378437843785,0.59,0.52,0.51
90,kNN (k=3),4000,0.8933178597859787,0.6,0.52,0.51
90,kNN (k=3),5000,0.8936578717871788,0.6,0.52,0.51
90,kNN (k=4),1000,0.8909978677867787,0.55,0.51,0.5
90,kNN (k=4),2000,0.8862377737773777,0.54,0.51,0.5
90,kNN (k=4),3000,0.8865577377737773,0.55,0.51,0.5
90,kNN (k=4),4000,0.8872778237823782,0.56,0.51,0.51
90,kNN (k=4),5000,0.8861178057805781,0.54,0.51,0.5
90,kNN (k=5),1000,0.8811977397739774,0.54,0.51,0.51
90,kNN (k=5),2000,0.8717975597559755,0.53,0.52,0.52
90,kNN (k=5),3000,0.8703975237523753,0.53,0.51,0.51
90,kNN (k=5),4000,0.8718375857585758,0.54,0.52,0.52
90,kNN (k=5),5000,0.871337601760176,0.53,0.52,0.51
90,Naive Bayes,10000,0.9019780478047805,0.83,0.51,0.5
90,Naive Bayes,15000,0.9016980478047805,0.86,0.51,0.5
90,kNN (k=1),10000,0.876697491749175,0.56,0.53,0.53
90,kNN (k=1),15000,0.8787375617561757,0.57,0.53,0.53
90,kNN (k=2),10000,0.8981779657965797,0.63,0.51,0.49
90,kNN (k=2),15000,0.8984579697969796,0.63,0.51,0.49
90,kNN (k=3),10000,0.8950778817881788,0.6,0.51,0.51
90,kNN (k=3),15000,0.8958378897889789,0.61,0.51,0.5
90,kNN (k=4),10000,0.8862177677767777,0.54,0.51,0.5
90,kNN (k=4),15000,0.8813777457745774,0.54,0.51,0.51
90,kNN (k=5),10000,0.871137503750375,0.53,0.51,0.51
90,kNN (k=5),15000,0.8661774577457747,0.53,0.51,0.51
90,Naive Bayes,100,0.90001800180018,0.45,0.5,0.47
90,Naive Bayes,250,0.90001800180018,0.45,0.5,0.47
90,Naive Bayes,500,0.89999799979998,0.62,0.5,0.47
90,Naive Bayes,1500,0.9005780158015801,0.81,0.5,0.48
90,kNN (k=1),100,0.8852577077707771,0.5,0.5,0.49
90,kNN (k=1),250,0.8788176157615762,0.52,0.5,0.5
90,kNN (k=1),500,0.8794376237623762,0.53,0.51,0.5
90,kNN (k=1),1500,0.8779175617561755,0.55,0.52,0.52
90,kNN (k=2),100,0.8988179797979798,0.53,0.5,0.48
90,kNN (k=2),250,0.8980179777977797,0.57,0.5,0.48
90,kNN (k=2),500,0.8978579537953795,0.56,0.5,0.48
90,kNN (k=2),1500,0.8964779077907791,0.57,0.5,0.49
90,kNN (k=3),100,0.8959979257925792,0.51,0.5,0.48
90,kNN (k=3),250,0.8946979037903791,0.53,0.5,0.48
90,kNN (k=3),500,0.8948778937893789,0.55,0.5,0.49
90,kNN (k=3),1500,0.8901177657765776,0.56,0.51,0.5
90,kNN (k=4),100,0.896477893789379,0.51,0.5,0.48
90,kNN (k=4),250,0.8955979217921792,0.56,0.51,0.49
90,kNN (k=4),500,0.894197895789579,0.55,0.51,0.49
90,kNN (k=4),1500,0.8882378497849786,0.53,0.51,0.5
90,kNN (k=5),100,0.8946778557855785,0.52,0.5,0.48
90,kNN (k=5),250,0.8900978537853785,0.55,0.51,0.5
90,kNN (k=5),500,0.8875777817781778,0.55,0.51,0.5
90,kNN (k=5),1500,0.8738375857585758,0.53,0.51,0.51
