nb_posts_total,nb_posts_incels,nb_posts_neutral,% Incels,Algorithme,Modèle de vectorisation,N traits discr.,accuracy,precision,recall,f1-score
40000,16000,24000,40,Logistic Regression,TF-IDF,15000,0.774075,0.7811821776262257,0.7421249999999999,0.7503668861975636
40000,16000,24000,40,Logistic Regression,TF-IDF,10000,0.7726,0.7785070314996108,0.7411770833333333,0.749217373343628
40000,16000,24000,40,Support Vector Machines (SVM),TF-IDF,15000,0.76485,0.7586325365899211,0.74371875,0.7485781380014451
40000,16000,24000,40,Support Vector Machines (SVM),TF-IDF,10000,0.76285,0.7569450288566638,0.7408229166666667,0.745896496287169
40000,16000,24000,40,Logistic Regression,TF-IDF,5000,0.768575,0.7730505948453992,0.7374166666666666,0.7451334655570837
40000,16000,24000,40,Support Vector Machines (SVM),TF-IDF,5000,0.760725,0.7559609471254625,0.7366770833333334,0.7422726549029617
40000,16000,24000,40,Logistic Regression,TF-IDF,2500,0.76085,0.7640929477518671,0.7291458333333334,0.7364363864683575
40000,16000,24000,40,Complement Naive Bayes,TF-IDF,15000,0.73795,0.738973897389739,0.74890625,0.7355634602285628
40000,16000,24000,40,Support Vector Machines (SVM),TF-IDF,2500,0.756625,0.7547658102923558,0.72846875,0.7348660028404512
40000,16000,24000,40,Complement Naive Bayes,TF-IDF,10000,0.734475,0.7350783223603073,0.7448645833333334,0.7319516327100574
40000,16000,24000,40,Complement Naive Bayes,TF-IDF,5000,0.727425,0.7269453383217207,0.7363958333333334,0.7245351309423348
40000,16000,24000,40,Logistic Regression,TF-IDF,1000,0.744125,0.7464278373676994,0.70975,0.7161718652455202
40000,16000,24000,40,Support Vector Machines (SVM),TF-IDF,1000,0.743475,0.7451135924308532,0.7094791666666667,0.715835446056013
40000,16000,24000,40,Complement Naive Bayes,TF-IDF,2500,0.71315,0.7119710346791874,0.7207708333333334,0.7098872168477176
40000,16000,24000,40,Logistic Regression,TF-IDF,750,0.73745,0.7406077701893756,0.7009791666666667,0.7069628541710856
40000,16000,24000,40,Support Vector Machines (SVM),TF-IDF,750,0.73715,0.7403903900979286,0.7005520833333334,0.7065116965054258
40000,16000,24000,40,Logistic Regression,TF-IDF,500,0.72695,0.7303486674514128,0.6878854166666667,0.6929184866208785
40000,16000,24000,40,Support Vector Machines (SVM),TF-IDF,500,0.72615,0.7307483894215854,0.6860625,0.6909115969328306
40000,16000,24000,40,Complement Naive Bayes,TF-IDF,1000,0.678225,0.6787243791941012,0.6861666666666667,0.6751351697887162
40000,16000,24000,40,Complement Naive Bayes,TF-IDF,750,0.664175,0.6661190258275547,0.6729791666666667,0.6613971596486132
40000,16000,24000,40,Logistic Regression,TF-IDF,250,0.705025,0.7096977682104931,0.6594270833333333,0.6611391224543633
40000,16000,24000,40,Support Vector Machines (SVM),TF-IDF,250,0.7051,0.7116355684789876,0.6583645833333334,0.6596729309726256
40000,16000,24000,40,Complement Naive Bayes,TF-IDF,500,0.644425,0.6473784513773871,0.6533958333333334,0.6417864236476555
40000,16000,24000,40,Logistic Regression,TF-IDF,100,0.67035,0.6670667420201483,0.6187291666666667,0.614079095832686
40000,16000,24000,40,Support Vector Machines (SVM),TF-IDF,100,0.6702,0.6674773966462412,0.6180729166666666,0.6130706278825113
40000,16000,24000,40,Complement Naive Bayes,TF-IDF,250,0.6068,0.6139192442527832,0.6181458333333334,0.6050322785160491
40000,16000,24000,40,Complement Naive Bayes,TF-IDF,100,0.5454,0.5619237951715589,0.56303125,0.5451280764269082
40000,16000,24000,40,kNN (k=3),TF-IDF,1000,0.52,0.5774342453177052,0.5656979166666667,0.5135271762506826
40000,16000,24000,40,kNN (k=3),TF-IDF,750,0.51235,0.5683151495889674,0.557875,0.5056928680337637
40000,16000,24000,40,kNN (k=1),TF-IDF,2500,0.51355,0.5750614395531606,0.5618020833333334,0.5053309701891973
40000,16000,24000,40,kNN (k=3),TF-IDF,2500,0.51085,0.5836424738618283,0.5644479166666667,0.49879295839508164
40000,16000,24000,40,kNN (k=1),TF-IDF,1000,0.5035,0.5601779646183301,0.5501770833333334,0.49582892491451
40000,16000,24000,40,kNN (k=1),TF-IDF,5000,0.50585,0.578816533795104,0.5600625,0.4930251055245056
40000,16000,24000,40,kNN (k=3),TF-IDF,500,0.495775,0.5536986497703833,0.54390625,0.4868508144969606
40000,16000,24000,40,kNN (k=1),TF-IDF,750,0.493275,0.5484533108665739,0.5401354166666666,0.4850641545210614
40000,16000,24000,40,kNN (k=1),TF-IDF,500,0.4829,0.5361835045294364,0.5298125,0.47420441362434285
40000,16000,24000,40,kNN (k=3),TF-IDF,5000,0.49135,0.5835983978260206,0.5546041666666667,0.46895663271377847
40000,16000,24000,40,kNN (k=1),TF-IDF,10000,0.487225,0.5713746906585482,0.5483229166666667,0.4667772786867671
40000,16000,24000,40,kNN (k=1),TF-IDF,250,0.4691,0.513639835594515,0.5116875,0.4625254174149702
40000,16000,24000,40,kNN (k=3),TF-IDF,250,0.47295,0.5283309464969551,0.5225208333333333,0.46189230525165414
40000,16000,24000,40,kNN (k=2),TF-IDF,2500,0.4835,0.5944802441329642,0.5533229166666667,0.4523621889129962
40000,16000,24000,40,kNN (k=1),TF-IDF,15000,0.477275,0.5693192568511738,0.5428020833333334,0.4509226614885208
40000,16000,24000,40,kNN (k=2),TF-IDF,1000,0.47875,0.5814996657345572,0.5472395833333333,0.4488273901857967
40000,16000,24000,40,kNN (k=3),TF-IDF,100,0.447425,0.49289820883612495,0.49423958333333334,0.4371325174355305
40000,16000,24000,40,kNN (k=2),TF-IDF,750,0.4683,0.5686384661250796,0.5381354166666666,0.43535499528530186
40000,16000,24000,40,kNN (k=3),TF-IDF,10000,0.468875,0.5751203037798917,0.5402083333333333,0.433880679161318
40000,16000,24000,40,kNN (k=2),TF-IDF,5000,0.4697,0.5952655018842069,0.5452604166666667,0.4284164877268326
40000,16000,24000,40,kNN (k=1),TF-IDF,100,0.43695,0.4826110145700895,0.48641666666666666,0.42398092918045016
40000,16000,24000,40,kNN (k=2),TF-IDF,500,0.45595,0.5551009356426955,0.5282916666666667,0.41777863425181005
40000,16000,24000,40,kNN (k=3),TF-IDF,15000,0.457425,0.5721420755352886,0.53334375,0.4137568906618467
40000,16000,24000,40,kNN (k=2),TF-IDF,250,0.4467,0.5322330922407299,0.5172083333333334,0.4100959775870162
40000,16000,24000,40,kNN (k=2),TF-IDF,10000,0.453125,0.5878471122373561,0.5338541666666666,0.4002677376171352
40000,16000,24000,40,kNN (k=2),TF-IDF,100,0.430625,0.5045327868187134,0.5023020833333334,0.3900477394502695
40000,16000,24000,40,kNN (k=2),TF-IDF,15000,0.444075,0.5839940895928089,0.5277916666666667,0.3836856541463552
